"","time","datacount","interval","activity","cumulativesteps","methrs"
"2",2019-04-11 00:35:44,21459,118.7,1,0,0.0461611111111111
"3",2019-04-11 00:37:43,22646,4.2,2,2,0.00235555555555556
"4",2019-04-11 00:37:47,22688,107,1,2,0.0416111111111111
"5",2019-04-11 00:39:34,23758,16.1,0,2,0.00559027777777778
"6",2019-04-11 00:39:50,23919,6.9,1,2,0.00268333333333333
"7",2019-04-11 00:39:57,23988,1.7,2,4,0.00138333333333333
"8",2019-04-11 00:39:59,24005,301.3,1,4,0.117172222222222
"9",2019-04-11 00:45:00,27018,2.7,2,6,0.00177222222222222
"10",2019-04-11 00:45:03,27045,194.6,1,6,0.0756777777777778
"11",2019-04-11 00:48:18,28991,2.3,2,8,0.00161666666666667
"12",2019-04-11 00:48:20,29014,221.2,1,8,0.0860222222222222
"13",2019-04-11 00:52:01,31226,4.7,2,10,0.00255
"14",2019-04-11 00:52:06,31273,3.3,2,12,0.00200555555555556
"15",2019-04-11 00:52:09,31306,663.8,1,12,0.258144444444444
"16",2019-04-11 01:03:13,37944,18.7,0,12,0.00649305555555556
"17",2019-04-11 01:03:32,38131,24.4,1,12,0.00948888888888889
"18",2019-04-11 01:03:56,38375,10.6,0,12,0.00368055555555556
"19",2019-04-11 01:04:07,38481,154.6,1,12,0.0601222222222222
"20",2019-04-11 01:06:41,40027,12.1,0,12,0.00420138888888889
"21",2019-04-11 01:06:53,40148,84.4,1,12,0.0328222222222222
"22",2019-04-11 01:08:18,40992,4.6,2,14,0.00251111111111111
"23",2019-04-11 01:08:22,41038,1.6,2,16,0.00134444444444444
"24",2019-04-11 01:08:24,41054,9.1,1,16,0.00353888888888889
"25",2019-04-11 01:08:33,41145,22.4,0,16,0.00777777777777778
"26",2019-04-11 01:08:55,41369,57,1,16,0.0221666666666667
"27",2019-04-11 01:09:52,41939,2.2,2,18,0.00157777777777778
"28",2019-04-11 01:09:55,41961,108.7,1,18,0.0422722222222222
"29",2019-04-11 01:11:43,43048,1.5,2,20,0.00130555555555556
"30",2019-04-11 01:11:45,43063,1.8,2,22,0.00142222222222222
"31",2019-04-11 01:11:47,43081,179.9,1,22,0.0699611111111111
"32",2019-04-11 01:14:47,44880,2.3,2,24,0.00161666666666667
"33",2019-04-11 01:14:49,44903,30.5,1,24,0.0118611111111111
"34",2019-04-11 01:15:19,45208,5.7,2,26,0.00293888888888889
"35",2019-04-11 01:15:25,45265,2.4,2,28,0.00165555555555556
"36",2019-04-11 01:15:27,45289,4,2,30,0.00227777777777778
"37",2019-04-11 01:15:31,45329,2.5,2,32,0.00169444444444444
"38",2019-04-11 01:15:34,45354,1.7,2,34,0.00138333333333333
"39",2019-04-11 01:15:36,45371,28.8,1,34,0.0112
"40",2019-04-11 01:16:04,45659,30.4,0,34,0.0105555555555556
"41",2019-04-11 01:16:35,45963,202.1,1,34,0.0785944444444444
"42",2019-04-11 01:19:57,47984,1911,0,34,0.663541666666667
"43",2019-04-11 01:51:48,67094,250.6,1,34,0.0974555555555555
"44",2019-04-11 01:55:59,69600,2.1,2,36,0.00153888888888889
"45",2019-04-11 01:56:01,69621,138.5,1,36,0.0538611111111111
"46",2019-04-11 01:58:19,71006,636.3,0,36,0.2209375
"47",2019-04-11 02:08:55,77369,215.8,1,36,0.0839222222222222
"48",2019-04-11 02:12:31,79527,4.1,2,38,0.00231666666666667
"49",2019-04-11 02:12:35,79568,196.6,1,38,0.0764555555555555
"50",2019-04-11 02:15:52,81534,5.6,2,40,0.0029
"51",2019-04-11 02:15:58,81590,143.9,1,40,0.0559611111111111
"52",2019-04-11 02:18:21,83029,4,2,42,0.00227777777777778
"53",2019-04-11 02:18:25,83069,8.4,1,42,0.00326666666666667
"54",2019-04-11 02:18:34,83153,24.6,0,42,0.00854166666666667
"55",2019-04-11 02:18:58,83399,32.4,1,42,0.0126
"56",2019-04-11 02:19:31,83723,2.6,2,44,0.00173333333333333
"57",2019-04-11 02:19:33,83749,160,1,44,0.0622222222222222
"58",2019-04-11 02:22:13,85349,5.4,2,46,0.00282222222222222
"59",2019-04-11 02:22:19,85403,225.5,1,46,0.0876944444444444
"60",2019-04-11 02:26:04,87658,5.6,2,48,0.0029
"61",2019-04-11 02:26:10,87714,94.9,1,48,0.0369055555555556
"62",2019-04-11 02:27:45,88663,4.3,2,50,0.00239444444444444
"63",2019-04-11 02:27:49,88706,9.3,1,50,0.00361666666666667
"64",2019-04-11 02:27:58,88799,1.9,2,52,0.00146111111111111
"65",2019-04-11 02:28:00,88818,54.7,1,52,0.0212722222222222
"66",2019-04-11 02:28:55,89365,2.8,2,54,0.00181111111111111
"67",2019-04-11 02:28:58,89393,30.2,1,54,0.0117444444444444
"68",2019-04-11 02:29:28,89695,5.6,2,56,0.0029
"69",2019-04-11 02:29:34,89751,5.8,2,58,0.00297777777777778
"70",2019-04-11 02:29:39,89809,1.2,2,60,0.00118888888888889
"71",2019-04-11 02:29:41,89821,12.1,1,60,0.00470555555555555
"72",2019-04-11 02:29:53,89942,3.2,2,62,0.00196666666666667
"73",2019-04-11 02:29:56,89974,7.8,1,62,0.00303333333333333
"74",2019-04-11 02:30:04,90052,4.8,2,64,0.00258888888888889
"75",2019-04-11 02:30:08,90100,24.9,1,64,0.00968333333333333
"76",2019-04-11 02:30:33,90349,26.5,0,64,0.00920138888888889
"77",2019-04-11 02:31:00,90614,147.1,1,64,0.0572055555555555
"78",2019-04-11 02:33:27,92085,43.2,0,64,0.015
"79",2019-04-11 02:34:10,92517,120.7,1,64,0.0469388888888889
"80",2019-04-11 02:36:11,93724,10.8,0,64,0.00375
"81",2019-04-11 02:36:22,93832,153.3,1,64,0.0596166666666667
"82",2019-04-11 02:38:55,95365,28.8,0,64,0.01
"83",2019-04-11 02:39:24,95653,120.6,1,64,0.0469
"84",2019-04-11 02:41:24,96859,14,0,64,0.00486111111111111
"85",2019-04-11 02:41:38,96999,12.7,1,64,0.00493888888888889
"86",2019-04-11 02:41:51,97126,46.6,0,64,0.0161805555555556
"87",2019-04-11 02:42:38,97592,1,1,64,0.000388888888888889
"88",2019-04-11 02:42:39,97602,1.8,2,66,0.00142222222222222
"89",2019-04-11 02:42:40,97620,7.1,1,66,0.00276111111111111
"90",2019-04-11 02:42:48,97691,4.6,2,68,0.00251111111111111
"91",2019-04-11 02:42:52,97737,2.7,2,70,0.00177222222222222
"92",2019-04-11 02:42:55,97764,79.3,1,70,0.0308388888888889
"93",2019-04-11 02:44:14,98557,5.1,2,72,0.00270555555555556
"94",2019-04-11 02:44:19,98608,2.6,2,74,0.00173333333333333
"95",2019-04-11 02:44:22,98634,4.7,2,76,0.00255
"96",2019-04-11 02:44:27,98681,58.9,1,76,0.0229055555555556
"97",2019-04-11 02:45:26,99270,2.5,2,78,0.00169444444444444
"98",2019-04-11 02:45:28,99295,5,2,80,0.00266666666666667
"99",2019-04-11 02:45:33,99345,4.4,2,82,0.00243333333333333
"100",2019-04-11 02:45:37,99389,5.4,2,84,0.00282222222222222
"101",2019-04-11 02:45:43,99443,188.1,1,84,0.07315
"102",2019-04-11 02:48:51,101324,4.6,2,86,0.00251111111111111
"103",2019-04-11 02:48:55,101370,49.6,1,86,0.0192888888888889
"104",2019-04-11 02:49:45,101866,2.4,2,88,0.00165555555555556
"105",2019-04-11 02:49:48,101890,141.3,1,88,0.05495
"106",2019-04-11 02:52:09,103303,1.9,2,90,0.00146111111111111
"107",2019-04-11 02:52:11,103322,7.4,1,90,0.00287777777777778
"108",2019-04-11 02:52:18,103396,1,2,92,0.00111111111111111
"109",2019-04-11 02:52:19,103406,4.5,2,94,0.00247222222222222
"110",2019-04-11 02:52:24,103451,1.5,2,96,0.00130555555555556
"111",2019-04-11 02:52:25,103466,883.1,1,96,0.343427777777778
"112",2019-04-11 03:07:08,112297,2414.3,0,96,0.838298611111111
"113",2019-04-11 03:47:23,136440,229.7,1,96,0.0893277777777778
"114",2019-04-11 03:51:12,138737,593.4,0,96,0.206041666666667
"115",2019-04-11 04:01:06,144671,78.2,1,96,0.0304111111111111
"116",2019-04-11 04:02:24,145453,89.2,0,96,0.0309722222222222
"117",2019-04-11 04:03:53,146345,39.5,1,96,0.0153611111111111
"118",2019-04-11 04:04:33,146740,11.4,0,96,0.00395833333333333
"119",2019-04-11 04:04:44,146854,23.9,1,96,0.00929444444444444
"120",2019-04-11 04:05:08,147093,2.7,2,98,0.00177222222222222
"121",2019-04-11 04:05:10,147120,52,1,98,0.0202222222222222
"125",2019-04-11 10:44:21,386623,13.4,1,98,0.00521111111111111
"126",2019-04-11 10:44:34,386757,14.3,0,98,0.00496527777777778
"127",2019-04-11 10:44:48,386900,62.6,1,98,0.0243444444444444
"128",2019-04-11 10:45:51,387526,11.2,0,98,0.00388888888888889
"129",2019-04-11 10:46:02,387638,17.6,1,98,0.00684444444444444
"130",2019-04-11 10:46:20,387814,10.4,0,98,0.00361111111111111
"131",2019-04-11 10:46:30,387918,21.4,1,98,0.00832222222222222
"132",2019-04-11 10:46:52,388132,12,0,98,0.00416666666666667
"133",2019-04-11 10:47:04,388252,27.4,1,98,0.0106555555555556
"134",2019-04-11 10:47:31,388526,45,0,98,0.015625
"135",2019-04-11 10:48:16,388976,13.2,1,98,0.00513333333333333
"136",2019-04-11 10:48:29,389108,4.6,2,100,0.00251111111111111
"137",2019-04-11 10:48:34,389154,22.2,1,100,0.00863333333333333
"138",2019-04-11 10:48:56,389376,2.5,2,102,0.00169444444444444
"139",2019-04-11 10:48:59,389401,3.4,2,104,0.00204444444444444
"140",2019-04-11 10:49:02,389435,8.3,1,104,0.00322777777777778
"141",2019-04-11 10:49:10,389518,3.4,2,106,0.00204444444444444
"142",2019-04-11 10:49:14,389552,8.2,1,106,0.00318888888888889
"143",2019-04-11 10:49:22,389634,2.8,2,108,0.00181111111111111
"144",2019-04-11 10:49:25,389662,18.7,1,108,0.00727222222222222
"145",2019-04-11 10:49:43,389849,2.3,2,110,0.00161666666666667
"146",2019-04-11 10:49:46,389872,3.8,2,112,0.0022
"147",2019-04-11 10:49:49,389910,1.9,2,114,0.00146111111111111
"148",2019-04-11 10:49:51,389929,2.1,2,116,0.00153888888888889
"149",2019-04-11 10:49:53,389950,3.5,2,118,0.00208333333333333
"150",2019-04-11 10:49:57,389985,61.8,1,118,0.0240333333333333
"151",2019-04-11 10:50:59,390603,39.5,0,118,0.0137152777777778
"152",2019-04-11 10:51:38,390998,10.6,1,118,0.00412222222222222
"153",2019-04-11 10:51:49,391104,3.7,2,120,0.00216111111111111
"154",2019-04-11 10:51:53,391141,5.5,2,122,0.00286111111111111
"155",2019-04-11 10:51:58,391196,24.7,1,122,0.00960555555555555
"156",2019-04-11 10:52:23,391443,20.6,0,122,0.00715277777777778
"157",2019-04-11 10:52:43,391649,51.1,1,122,0.0198722222222222
"158",2019-04-11 10:53:34,392160,5.8,2,124,0.00297777777777778
"159",2019-04-11 10:53:40,392218,10.8,1,124,0.0042
"160",2019-04-11 10:53:51,392326,2.4,2,126,0.00165555555555556
"161",2019-04-11 10:53:53,392350,5.4,2,128,0.00282222222222222
"162",2019-04-11 10:53:59,392404,8,1,128,0.00311111111111111
"163",2019-04-11 10:54:07,392484,54.1,0,128,0.0187847222222222
"164",2019-04-11 10:55:01,393025,11.9,1,128,0.00462777777777778
"165",2019-04-11 10:55:13,393144,4.2,2,130,0.00235555555555556
"166",2019-04-11 10:55:17,393186,25.7,1,130,0.00999444444444444
"167",2019-04-11 10:55:43,393443,3.5,2,132,0.00208333333333333
"168",2019-04-11 10:55:46,393478,3.5,1,132,0.00136111111111111
"169",2019-04-11 10:55:50,393513,43.9,0,132,0.0152430555555556
"170",2019-04-11 10:56:34,393952,20.4,1,132,0.00793333333333333
"171",2019-04-11 10:56:54,394156,3.9,2,134,0.00223888888888889
"172",2019-04-11 10:56:58,394195,2.4,2,136,0.00165555555555556
"173",2019-04-11 10:57:00,394219,21.5,1,136,0.00836111111111111
"174",2019-04-11 10:57:22,394434,95.9,0,136,0.0332986111111111
"175",2019-04-11 10:58:58,395393,13.1,1,136,0.00509444444444444
"176",2019-04-11 10:59:11,395524,5.9,2,138,0.00301666666666667
"177",2019-04-11 10:59:17,395583,15.7,1,138,0.00610555555555556
"178",2019-04-11 10:59:32,395740,4843.4,0,138,1.68173611111111
"179",2019-04-11 12:20:16,444174,97.3,1,138,0.0378388888888889
"180",2019-04-11 12:21:53,445147,5.4,2,140,0.00282222222222222
"181",2019-04-11 12:21:59,445201,27.1,1,140,0.0105388888888889
"182",2019-04-11 12:22:26,445472,2.5,2,142,0.00169444444444444
"183",2019-04-11 12:22:28,445497,42.2,1,142,0.0164111111111111
"184",2019-04-11 12:23:10,445919,2.3,2,144,0.00161666666666667
"185",2019-04-11 12:23:13,445942,4.9,2,146,0.00262777777777778
"186",2019-04-11 12:23:18,445991,14,1,146,0.00544444444444444
"187",2019-04-11 12:23:32,446131,4.6,2,148,0.00251111111111111
"188",2019-04-11 12:23:36,446177,12.3,1,148,0.00478333333333333
"189",2019-04-11 12:23:48,446300,5.9,2,150,0.00301666666666667
"190",2019-04-11 12:23:54,446359,12.1,1,150,0.00470555555555555
"191",2019-04-11 12:24:07,446480,3.4,2,152,0.00204444444444444
"192",2019-04-11 12:24:10,446514,27.6,1,152,0.0107333333333333
"193",2019-04-11 12:24:38,446790,4.2,2,154,0.00235555555555556
"194",2019-04-11 12:24:42,446832,40,1,154,0.0155555555555556
"195",2019-04-11 12:25:22,447232,2.2,2,156,0.00157777777777778
"196",2019-04-11 12:25:24,447254,4.1,2,158,0.00231666666666667
"197",2019-04-11 12:25:28,447295,3.4,2,160,0.00204444444444444
"198",2019-04-11 12:25:31,447329,1.4,2,162,0.00126666666666667
"199",2019-04-11 12:25:33,447343,1.6,2,164,0.00134444444444444
"200",2019-04-11 12:25:34,447359,1.6,2,166,0.00134444444444444
"201",2019-04-11 12:25:36,447375,1.6,2,168,0.00134444444444444
"202",2019-04-11 12:25:38,447391,40.5,1,168,0.01575
"203",2019-04-11 12:26:18,447796,3.2,2,170,0.00196666666666667
"204",2019-04-11 12:26:21,447828,1.8,2,172,0.00142222222222222
"205",2019-04-11 12:26:23,447846,1.6,2,174,0.00134444444444444
"206",2019-04-11 12:26:25,447862,32.5,1,174,0.0126388888888889
"207",2019-04-11 12:26:57,448187,1.8,2,176,0.00142222222222222
"208",2019-04-11 12:26:59,448205,2.8,2,178,0.00181111111111111
"209",2019-04-11 12:27:02,448233,13.2,1,178,0.00513333333333333
"210",2019-04-11 12:27:15,448365,18.2,0,178,0.00631944444444444
"211",2019-04-11 12:27:33,448547,28.5,1,178,0.0110833333333333
"212",2019-04-11 12:28:02,448832,2.1,2,180,0.00153888888888889
"213",2019-04-11 12:28:04,448853,4,2,182,0.00227777777777778
"214",2019-04-11 12:28:08,448893,3.2,2,184,0.00196666666666667
"215",2019-04-11 12:28:11,448925,96.2,1,184,0.0374111111111111
"216",2019-04-11 12:29:47,449887,5,2,186,0.00266666666666667
"217",2019-04-11 12:29:52,449937,10,1,186,0.00388888888888889
"218",2019-04-11 12:30:02,450037,4,2,188,0.00227777777777778
"219",2019-04-11 12:30:06,450077,16,1,188,0.00622222222222222
"220",2019-04-11 12:30:22,450237,4.1,2,190,0.00231666666666667
"221",2019-04-11 12:30:26,450278,1.9,2,192,0.00146111111111111
"222",2019-04-11 12:30:28,450297,4.4,2,194,0.00243333333333333
"223",2019-04-11 12:30:33,450341,8.2,1,194,0.00318888888888889
"224",2019-04-11 12:30:41,450423,2.1,2,196,0.00153888888888889
"225",2019-04-11 12:30:43,450444,4.6,2,198,0.00251111111111111
"226",2019-04-11 12:30:48,450490,3.6,2,200,0.00212222222222222
"227",2019-04-11 12:30:51,450526,14.5,1,200,0.00563888888888889
"228",2019-04-11 12:31:06,450671,5.6,2,202,0.0029
"229",2019-04-11 12:31:11,450727,9.7,1,202,0.00377222222222222
"230",2019-04-11 12:31:21,450824,4.7,2,204,0.00255
"231",2019-04-11 12:31:26,450871,78.8,1,204,0.0306444444444444
"232",2019-04-11 12:32:44,451659,2.5,2,206,0.00169444444444444
"233",2019-04-11 12:32:47,451684,8.5,1,206,0.00330555555555556
"234",2019-04-11 12:32:55,451769,4,2,208,0.00227777777777778
"235",2019-04-11 12:32:59,451809,10,1,208,0.00388888888888889
"236",2019-04-11 12:33:09,451909,5.7,2,210,0.00293888888888889
"237",2019-04-11 12:33:15,451966,2.5,2,212,0.00169444444444444
"238",2019-04-11 12:33:18,451991,71.9,1,212,0.0279611111111111
"239",2019-04-11 12:34:29,452710,5.4,2,214,0.00282222222222222
"240",2019-04-11 12:34:35,452764,8.4,1,214,0.00326666666666667
"241",2019-04-11 12:34:43,452848,2.1,2,216,0.00153888888888889
"242",2019-04-11 12:34:45,452869,48.1,1,216,0.0187055555555556
"243",2019-04-11 12:35:34,453350,10.6,0,216,0.00368055555555556
"244",2019-04-11 12:35:44,453456,13.4,1,216,0.00521111111111111
"245",2019-04-11 12:35:57,453590,28,0,216,0.00972222222222222
"246",2019-04-11 12:36:25,453870,26.5,1,216,0.0103055555555556
"247",2019-04-11 12:36:52,454135,13.4,0,216,0.00465277777777778
"248",2019-04-11 12:37:05,454269,1.1,1,216,0.000427777777777778
"249",2019-04-11 12:37:07,454280,2.4,2,218,0.00165555555555556
"250",2019-04-11 12:37:09,454304,55.7,1,218,0.0216611111111111
"251",2019-04-11 12:38:05,454861,5,2,220,0.00266666666666667
"252",2019-04-11 12:38:10,454911,64.4,1,220,0.0250444444444444
"253",2019-04-11 12:39:14,455555,5.5,2,222,0.00286111111111111
"254",2019-04-11 12:39:19,455610,77.5,1,222,0.0301388888888889
"255",2019-04-11 12:40:37,456385,2,2,224,0.0015
"256",2019-04-11 12:40:39,456405,50.9,1,224,0.0197944444444444
"257",2019-04-11 12:41:30,456914,4.4,2,226,0.00243333333333333
"258",2019-04-11 12:41:34,456958,14.4,1,226,0.0056
"259",2019-04-11 12:41:49,457102,10.3,0,226,0.00357638888888889
"260",2019-04-11 12:41:59,457205,13.2,1,226,0.00513333333333333
"261",2019-04-11 12:42:12,457337,4.6,2,228,0.00251111111111111
"262",2019-04-11 12:42:17,457383,14.2,1,228,0.00552222222222222
"263",2019-04-11 12:42:31,457525,5,2,230,0.00266666666666667
"264",2019-04-11 12:42:36,457575,85.5,1,230,0.03325
"265",2019-04-11 12:44:01,458430,5.1,2,232,0.00270555555555556
"266",2019-04-11 12:44:07,458481,15.7,1,232,0.00610555555555556
"267",2019-04-11 12:44:22,458638,5.8,2,234,0.00297777777777778
"268",2019-04-11 12:44:28,458696,2.3,2,236,0.00161666666666667
"269",2019-04-11 12:44:30,458719,34.2,1,236,0.0133
"270",2019-04-11 12:45:05,459061,5,2,238,0.00266666666666667
"271",2019-04-11 12:45:10,459111,1.4,2,240,0.00126666666666667
"272",2019-04-11 12:45:11,459125,4.8,2,242,0.00258888888888889
"273",2019-04-11 12:45:16,459173,48.1,1,242,0.0187055555555556
"274",2019-04-11 12:46:04,459654,3.1,2,244,0.00192777777777778
"275",2019-04-11 12:46:07,459685,32.1,1,244,0.0124833333333333
"276",2019-04-11 12:46:39,460006,12.7,0,244,0.00440972222222222
"277",2019-04-11 12:46:52,460133,11.1,1,244,0.00431666666666667
"278",2019-04-11 12:47:03,460244,5.5,2,246,0.00286111111111111
"279",2019-04-11 12:47:08,460299,3.7,2,248,0.00216111111111111
"280",2019-04-11 12:47:12,460336,32.5,1,248,0.0126388888888889
"281",2019-04-11 12:47:45,460661,4.9,2,250,0.00262777777777778
"282",2019-04-11 12:47:50,460710,6.9,1,250,0.00268333333333333
"283",2019-04-11 12:47:56,460779,663,0,250,0.230208333333333
"284",2019-04-11 12:58:59,467409,138.1,1,250,0.0537055555555555
"285",2019-04-11 13:01:17,468790,28.5,0,250,0.00989583333333333
"286",2019-04-11 13:01:46,469075,13.2,1,250,0.00513333333333333
"287",2019-04-11 13:01:59,469207,1.8,2,252,0.00142222222222222
"288",2019-04-11 13:02:01,469225,4.1,2,254,0.00231666666666667
"289",2019-04-11 13:02:05,469266,52.6,1,254,0.0204555555555556
"290",2019-04-11 13:02:58,469792,2.6,2,256,0.00173333333333333
"291",2019-04-11 13:03:00,469818,2.2,2,258,0.00157777777777778
"292",2019-04-11 13:03:02,469840,2.3,2,260,0.00161666666666667
"293",2019-04-11 13:03:05,469863,4.2,2,262,0.00235555555555556
"294",2019-04-11 13:03:09,469905,34.7,1,262,0.0134944444444444
"295",2019-04-11 13:03:44,470252,3.3,2,264,0.00200555555555556
"296",2019-04-11 13:03:47,470285,33.5,1,264,0.0130277777777778
"297",2019-04-11 13:04:20,470620,5.2,2,266,0.00274444444444444
"298",2019-04-11 13:04:26,470672,2,2,268,0.0015
"299",2019-04-11 13:04:28,470692,3.5,2,270,0.00208333333333333
"300",2019-04-11 13:04:31,470727,0.3,1,270,0.000116666666666667
"301",2019-04-11 13:04:31,470730,21.9,0,270,0.00760416666666667
"302",2019-04-11 13:04:53,470949,44.5,1,270,0.0173055555555556
"303",2019-04-11 13:05:38,471394,4.5,2,272,0.00247222222222222
"304",2019-04-11 13:05:42,471439,1.6,2,274,0.00134444444444444
"305",2019-04-11 13:05:44,471455,10.2,1,274,0.00396666666666667
"306",2019-04-11 13:05:54,471557,5.2,2,276,0.00274444444444444
"307",2019-04-11 13:05:59,471609,7.2,1,276,0.0028
"308",2019-04-11 13:06:07,471681,1.9,2,278,0.00146111111111111
"309",2019-04-11 13:06:09,471700,0.3,1,278,0.000116666666666667
"310",2019-04-11 13:06:09,471703,6187.1,0,278,2.14829861111111
"311",2019-04-11 14:49:16,533574,13.6,1,278,0.00528888888888889
"312",2019-04-11 14:49:29,533710,47.8,0,278,0.0165972222222222
"313",2019-04-11 14:50:17,534188,20.7,1,278,0.00805
"314",2019-04-11 14:50:38,534395,2.2,2,280,0.00157777777777778
"315",2019-04-11 14:50:40,534417,5.3,2,282,0.00278333333333333
"316",2019-04-11 14:50:46,534470,0.4,1,282,0.000155555555555556
"317",2019-04-11 14:50:46,534474,174.6,0,282,0.060625
"318",2019-04-11 14:53:40,536220,18,1,282,0.007
"319",2019-04-11 14:53:59,536400,5.9,2,284,0.00301666666666667
"320",2019-04-11 14:54:04,536459,5.7,2,286,0.00293888888888889
"321",2019-04-11 14:54:10,536516,7.8,1,286,0.00303333333333333
"322",2019-04-11 14:54:18,536594,4.3,2,288,0.00239444444444444
"323",2019-04-11 14:54:22,536637,9.8,1,288,0.00381111111111111
"324",2019-04-11 14:54:32,536735,3.7,2,290,0.00216111111111111
"325",2019-04-11 14:54:36,536772,43.7,1,290,0.0169944444444444
"326",2019-04-11 14:55:19,537209,4.4,2,292,0.00243333333333333
"327",2019-04-11 14:55:24,537253,2.2,2,294,0.00157777777777778
"328",2019-04-11 14:55:26,537275,16.9,1,294,0.00657222222222222
"329",2019-04-11 14:55:43,537444,5.9,2,296,0.00301666666666667
"330",2019-04-11 14:55:49,537503,132,1,296,0.0513333333333333
"331",2019-04-11 14:58:01,538823,2.1,2,298,0.00153888888888889
"332",2019-04-11 14:58:03,538844,94.1,1,298,0.0365944444444444
"333",2019-04-11 14:59:37,539785,4,2,300,0.00227777777777778
"334",2019-04-11 14:59:41,539825,4.5,2,302,0.00247222222222222
"335",2019-04-11 14:59:46,539870,57.9,1,302,0.0225166666666667
"336",2019-04-11 15:00:43,540449,3.4,2,304,0.00204444444444444
"337",2019-04-11 15:00:47,540483,3.6,2,306,0.00212222222222222
"338",2019-04-11 15:00:50,540519,5.9,2,308,0.00301666666666667
"339",2019-04-11 15:00:56,540578,38.1,1,308,0.0148166666666667
"340",2019-04-11 15:01:34,540959,1.9,2,310,0.00146111111111111
"341",2019-04-11 15:01:36,540978,42.1,1,310,0.0163722222222222
"342",2019-04-11 15:02:18,541399,1.7,2,312,0.00138333333333333
"343",2019-04-11 15:02:20,541416,3.6,2,314,0.00212222222222222
"344",2019-04-11 15:02:24,541452,0.3,1,314,0.000116666666666667
"345",2019-04-11 15:02:24,541455,13,0,314,0.00451388888888889
"346",2019-04-11 15:02:37,541585,6.4,1,314,0.00248888888888889
"347",2019-04-11 15:02:43,541649,2.8,2,316,0.00181111111111111
"348",2019-04-11 15:02:46,541677,3.4,2,318,0.00204444444444444
"349",2019-04-11 15:02:50,541711,2.4,2,320,0.00165555555555556
"350",2019-04-11 15:02:52,541735,2.2,2,322,0.00157777777777778
"351",2019-04-11 15:02:54,541757,8.8,1,322,0.00342222222222222
"352",2019-04-11 15:03:03,541845,628.1,0,322,0.218090277777778
"353",2019-04-11 15:13:31,548126,13.6,1,322,0.00528888888888889
"354",2019-04-11 15:13:45,548262,14.4,0,322,0.005
"355",2019-04-11 15:13:59,548406,34.6,1,322,0.0134555555555556
"356",2019-04-11 15:14:34,548752,40.2,0,322,0.0139583333333333
"357",2019-04-11 15:15:14,549154,13.4,1,322,0.00521111111111111
"358",2019-04-11 15:15:27,549288,66.9,0,322,0.0232291666666667
"359",2019-04-11 15:16:34,549957,12.4,1,322,0.00482222222222222
"360",2019-04-11 15:16:47,550081,3.3,2,324,0.00200555555555556
"361",2019-04-11 15:16:50,550114,7.6,1,324,0.00295555555555556
"362",2019-04-11 15:16:57,550190,55.6,0,324,0.0193055555555556
"363",2019-04-11 15:17:53,550746,30.5,1,324,0.0118611111111111
"364",2019-04-11 15:18:24,551051,5.6,2,326,0.0029
"365",2019-04-11 15:18:29,551107,3.8,1,326,0.00147777777777778
"366",2019-04-11 15:18:33,551145,63.1,0,326,0.0219097222222222
"367",2019-04-11 15:19:36,551776,20.5,1,326,0.00797222222222222
"368",2019-04-11 15:19:57,551981,88.7,0,326,0.0307986111111111
"369",2019-04-11 15:21:25,552868,38.9,1,326,0.0151277777777778
"370",2019-04-11 15:22:04,553257,17.6,0,326,0.00611111111111111
"371",2019-04-11 15:22:22,553433,41,1,326,0.0159444444444444
"372",2019-04-11 15:23:03,553843,5.8,2,328,0.00297777777777778
"373",2019-04-11 15:23:09,553901,2.4,2,330,0.00165555555555556
"374",2019-04-11 15:23:11,553925,2,2,332,0.0015
"375",2019-04-11 15:23:13,553945,4.1,1,332,0.00159444444444444
"376",2019-04-11 15:23:17,553986,59.9,0,332,0.0207986111111111
"377",2019-04-11 15:24:17,554585,60.1,1,332,0.0233722222222222
"378",2019-04-11 15:25:17,555186,1482.3,0,332,0.5146875
"379",2019-04-11 15:49:59,570009,12.3,1,332,0.00478333333333333
"380",2019-04-11 15:50:12,570132,5.2,2,334,0.00274444444444444
"381",2019-04-11 15:50:17,570184,4.6,2,336,0.00251111111111111
"382",2019-04-11 15:50:21,570230,14.5,1,336,0.00563888888888889
"383",2019-04-11 15:50:36,570375,2.6,2,338,0.00173333333333333
"384",2019-04-11 15:50:39,570401,94.3,1,338,0.0366722222222222
"385",2019-04-11 15:52:13,571344,5.6,2,340,0.0029
"386",2019-04-11 15:52:18,571400,112.6,1,340,0.0437888888888889
"387",2019-04-11 15:54:11,572526,5.6,2,342,0.0029
"388",2019-04-11 15:54:17,572582,2.8,2,344,0.00181111111111111
"389",2019-04-11 15:54:20,572610,55,1,344,0.0213888888888889
"390",2019-04-11 15:55:15,573160,10.4,0,344,0.00361111111111111
"391",2019-04-11 15:55:25,573264,57.4,1,344,0.0223222222222222
"392",2019-04-11 15:56:22,573838,2.3,2,346,0.00161666666666667
"393",2019-04-11 15:56:25,573861,7.2,1,346,0.0028
"394",2019-04-11 15:56:32,573933,5.6,2,348,0.0029
"395",2019-04-11 15:56:37,573989,66.9,1,348,0.0260166666666667
"396",2019-04-11 15:57:44,574658,3.2,2,350,0.00196666666666667
"397",2019-04-11 15:57:48,574690,2,2,352,0.0015
"398",2019-04-11 15:57:49,574710,14.4,1,352,0.0056
"399",2019-04-11 15:58:04,574854,3.6,2,354,0.00212222222222222
"400",2019-04-11 15:58:08,574890,17.8,1,354,0.00692222222222222
"401",2019-04-11 15:58:25,575068,5.6,2,356,0.0029
"402",2019-04-11 15:58:31,575124,28,1,356,0.0108888888888889
"403",2019-04-11 15:58:59,575404,1.7,2,358,0.00138333333333333
"404",2019-04-11 15:59:01,575421,0.9,1,358,0.00035
"405",2019-04-11 15:59:02,575430,14.2,0,358,0.00493055555555556
"406",2019-04-11 15:59:16,575572,2.3,1,358,0.000894444444444444
"407",2019-04-11 15:59:18,575595,4.8,2,360,0.00258888888888889
"408",2019-04-11 15:59:23,575643,6.7,1,360,0.00260555555555556
"409",2019-04-11 15:59:29,575710,5.8,2,362,0.00297777777777778
"410",2019-04-11 15:59:35,575768,16.8,1,362,0.00653333333333333
"411",2019-04-11 15:59:52,575936,5,2,364,0.00266666666666667
"412",2019-04-11 15:59:57,575986,16.4,1,364,0.00637777777777778
"413",2019-04-11 16:00:14,576150,3.1,2,366,0.00192777777777778
"414",2019-04-11 16:00:17,576181,73.2,1,366,0.0284666666666667
"415",2019-04-11 16:01:30,576913,2.6,2,368,0.00173333333333333
"416",2019-04-11 16:01:32,576939,43.4,1,368,0.0168777777777778
"417",2019-04-11 16:02:16,577373,3.4,2,370,0.00204444444444444
"418",2019-04-11 16:02:19,577407,14.5,1,370,0.00563888888888889
"419",2019-04-11 16:02:34,577552,4.7,2,372,0.00255
"420",2019-04-11 16:02:38,577599,14.1,1,372,0.00548333333333333
"421",2019-04-11 16:02:53,577740,5.1,2,374,0.00270555555555556
"422",2019-04-11 16:02:58,577791,50,1,374,0.0194444444444444
"423",2019-04-11 16:03:48,578291,1.8,2,376,0.00142222222222222
"424",2019-04-11 16:03:49,578309,62.8,1,376,0.0244222222222222
"425",2019-04-11 16:04:52,578937,5.6,2,378,0.0029
"426",2019-04-11 16:04:58,578993,92.9,1,378,0.0361277777777778
"427",2019-04-11 16:06:31,579922,3.4,2,380,0.00204444444444444
"428",2019-04-11 16:06:34,579956,43.4,1,380,0.0168777777777778
"429",2019-04-11 16:07:17,580390,3.1,2,382,0.00192777777777778
"430",2019-04-11 16:07:21,580421,7.9,1,382,0.00307222222222222
"431",2019-04-11 16:07:28,580500,1.8,2,384,0.00142222222222222
"432",2019-04-11 16:07:30,580518,1.6,2,386,0.00134444444444444
"433",2019-04-11 16:07:32,580534,4.6,2,388,0.00251111111111111
"434",2019-04-11 16:07:36,580580,34.4,1,388,0.0133777777777778
"435",2019-04-11 16:08:11,580924,3.2,2,390,0.00196666666666667
"436",2019-04-11 16:08:14,580956,21.3,1,390,0.00828333333333333
"437",2019-04-11 16:08:35,581169,5.5,2,392,0.00286111111111111
"438",2019-04-11 16:08:41,581224,74.6,1,392,0.0290111111111111
"439",2019-04-11 16:09:55,581970,38.8,0,392,0.0134722222222222
"440",2019-04-11 16:10:34,582358,10.9,1,392,0.00423888888888889
"441",2019-04-11 16:10:45,582467,3.4,2,394,0.00204444444444444
"442",2019-04-11 16:10:49,582501,36.4,1,394,0.0141555555555556
"443",2019-04-11 16:11:25,582865,15814.4,0,394,5.49111111111111
"444",2019-04-11 20:34:59,741009,46.5,1,394,0.0180833333333333
"445",2019-04-11 20:35:46,741474,43.9,0,394,0.0152430555555556
"446",2019-04-11 20:36:30,741913,13.1,1,394,0.00509444444444444
"447",2019-04-11 20:36:43,742044,1.9,2,396,0.00146111111111111
"448",2019-04-11 20:36:45,742063,5.4,2,398,0.00282222222222222
"449",2019-04-11 20:36:50,742117,3.1,2,400,0.00192777777777778
"450",2019-04-11 20:36:53,742148,4.3,2,402,0.00239444444444444
"451",2019-04-11 20:36:58,742191,5.8,2,404,0.00297777777777778
"452",2019-04-11 20:37:03,742249,71.9,1,404,0.0279611111111111
"453",2019-04-11 20:38:15,742968,12.2,0,404,0.00423611111111111
"454",2019-04-11 20:38:28,743090,40.2,1,404,0.0156333333333333
"455",2019-04-11 20:39:08,743492,3.6,2,406,0.00212222222222222
"456",2019-04-11 20:39:11,743528,103.1,1,406,0.0400944444444444
"457",2019-04-11 20:40:54,744559,3.8,2,408,0.0022
"458",2019-04-11 20:40:58,744597,387.5,1,408,0.150694444444444
"459",2019-04-11 20:47:26,748472,4.6,2,410,0.00251111111111111
"460",2019-04-11 20:47:30,748518,48.7,1,410,0.0189388888888889
"461",2019-04-11 20:48:19,749005,35.8,0,410,0.0124305555555556
"462",2019-04-11 20:48:55,749363,68.5,1,410,0.0266388888888889
"463",2019-04-11 20:50:03,750048,3.6,2,412,0.00212222222222222
"464",2019-04-11 20:50:07,750084,3.4,2,414,0.00204444444444444
"465",2019-04-11 20:50:10,750118,7.9,1,414,0.00307222222222222
"466",2019-04-11 20:50:18,750197,3.3,2,416,0.00200555555555556
"467",2019-04-11 20:50:22,750230,59.5,1,416,0.0231388888888889
"468",2019-04-11 20:51:21,750825,4,2,418,0.00227777777777778
"469",2019-04-11 20:51:25,750865,35,1,418,0.0136111111111111
"470",2019-04-11 20:52:00,751215,57.7,0,418,0.0200347222222222
"471",2019-04-11 20:52:58,751792,41.9,1,418,0.0162944444444444
"472",2019-04-11 20:53:40,752211,8211.7,0,418,2.85128472222222
"473",2019-04-11 23:10:31,834328,13.2,1,418,0.00513333333333333
"474",2019-04-11 23:10:44,834460,5,2,420,0.00266666666666667
"475",2019-04-11 23:10:50,834510,4.1,2,422,0.00231666666666667
"476",2019-04-11 23:10:54,834551,29.2,1,422,0.0113555555555556
"477",2019-04-11 23:11:23,834843,98.5,0,422,0.0342013888888889
"478",2019-04-11 23:13:01,835828,14.2,1,422,0.00552222222222222
"479",2019-04-11 23:13:16,835970,3.5,2,424,0.00208333333333333
"480",2019-04-11 23:13:19,836005,10.8,1,424,0.0042
"481",2019-04-11 23:13:30,836113,3.4,2,426,0.00204444444444444
"482",2019-04-11 23:13:33,836147,21.6,1,426,0.0084
"483",2019-04-11 23:13:55,836363,2.7,2,428,0.00177222222222222
"484",2019-04-11 23:13:57,836390,58.1,1,428,0.0225944444444444
"485",2019-04-11 23:14:56,836971,5.1,2,430,0.00270555555555556
"486",2019-04-11 23:15:01,837022,78.8,1,430,0.0306444444444444
"487",2019-04-11 23:16:19,837810,32,0,430,0.0111111111111111
"488",2019-04-11 23:16:52,838130,63.4,1,430,0.0246555555555556
"489",2019-04-11 23:17:55,838764,5.5,2,432,0.00286111111111111
"490",2019-04-11 23:18:00,838819,57.1,1,432,0.0222055555555556
"491",2019-04-11 23:18:57,839390,5.7,2,434,0.00293888888888889
"492",2019-04-11 23:19:03,839447,4.3,2,436,0.00239444444444444
"493",2019-04-11 23:19:08,839490,16,1,436,0.00622222222222222
"494",2019-04-11 23:19:23,839650,10.4,0,436,0.00361111111111111
"495",2019-04-11 23:19:34,839754,19.9,1,436,0.00773888888888889
"496",2019-04-11 23:19:54,839953,23.7,0,436,0.00822916666666667
"497",2019-04-11 23:20:18,840190,121.7,1,436,0.0473277777777778
"498",2019-04-11 23:22:19,841407,12.7,0,436,0.00440972222222222
"499",2019-04-11 23:22:32,841534,11,1,436,0.00427777777777778
"500",2019-04-11 23:22:43,841644,4.9,2,438,0.00262777777777778
"501",2019-04-11 23:22:48,841693,27.3,1,438,0.0106166666666667
"502",2019-04-11 23:23:15,841966,5.7,2,440,0.00293888888888889
"503",2019-04-11 23:23:21,842023,2,2,442,0.0015
"504",2019-04-11 23:23:23,842043,4.7,2,444,0.00255
"505",2019-04-11 23:23:27,842090,1.8,2,446,0.00142222222222222
"506",2019-04-11 23:23:29,842108,0.3,1,446,0.000116666666666667
"507",2019-04-11 23:23:30,842111,63.1,0,446,0.0219097222222222
"508",2019-04-11 23:24:33,842742,73.6,1,446,0.0286222222222222
"509",2019-04-11 23:25:46,843478,27.8,0,446,0.00965277777777778
"510",2019-04-11 23:26:14,843756,30,1,446,0.0116666666666667
"511",2019-04-11 23:26:44,844056,5.4,2,448,0.00282222222222222
"512",2019-04-11 23:26:50,844110,2,2,450,0.0015
"513",2019-04-11 23:26:51,844130,2.4,1,450,0.000933333333333333
"514",2019-04-11 23:26:54,844154,33.7,0,450,0.0117013888888889
"515",2019-04-11 23:27:28,844491,24.8,1,450,0.00964444444444444
"516",2019-04-11 23:27:52,844739,22.2,0,450,0.00770833333333333
"517",2019-04-11 23:28:15,844961,13.6,1,450,0.00528888888888889
"518",2019-04-11 23:28:28,845097,24.8,0,450,0.00861111111111111
"519",2019-04-11 23:28:53,845345,72.5,1,450,0.0281944444444444
"520",2019-04-11 23:30:05,846070,37.7,0,450,0.0130902777777778
"521",2019-04-11 23:30:43,846447,21.2,1,450,0.00824444444444444
"522",2019-04-11 23:31:04,846659,16,0,450,0.00555555555555556
"523",2019-04-11 23:31:20,846819,24.3,1,450,0.00945
"524",2019-04-11 23:31:45,847062,54.4,0,450,0.0188888888888889
"525",2019-04-11 23:32:39,847606,26.1,1,450,0.01015
"526",2019-04-11 23:33:05,847867,5.9,2,452,0.00301666666666667
"527",2019-04-11 23:33:11,847926,60,1,452,0.0233333333333333
"528",2019-04-11 23:34:11,848526,3.9,2,454,0.00223888888888889
"529",2019-04-11 23:34:15,848565,74.4,1,454,0.0289333333333333
"530",2019-04-11 23:35:29,849309,39.9,0,454,0.0138541666666667
"531",2019-04-11 23:36:09,849708,14.5,1,454,0.00563888888888889
"532",2019-04-11 23:36:24,849853,4.4,2,456,0.00243333333333333
"533",2019-04-11 23:36:28,849897,2.5,2,458,0.00169444444444444
"534",2019-04-11 23:36:31,849922,28.8,1,458,0.0112
"535",2019-04-11 23:37:00,850210,12195.8,0,458,4.23465277777778
"2650",2019-04-15 03:01:20,3564816,5,2,2724,0.00266666666666667
"2651",2019-04-15 03:01:25,3564866,32.3,1,2724,0.0125611111111111
"2652",2019-04-15 03:01:57,3565189,1.8,2,2726,0.00142222222222222
"2653",2019-04-15 03:01:59,3565207,8.5,1,2726,0.00330555555555556
"2654",2019-04-15 03:02:08,3565292,1.3,2,2728,0.00122777777777778
"2655",2019-04-15 03:02:09,3565305,0.9,2,2730,0.00107222222222222
"2656",2019-04-15 03:02:10,3565314,1.2,2,2732,0.00118888888888889
"2657",2019-04-15 03:02:11,3565326,2.2,2,2734,0.00157777777777778
"2658",2019-04-15 03:02:13,3565348,1.3,2,2736,0.00122777777777778
"2659",2019-04-15 03:02:15,3565361,0.8,2,2738,0.00103333333333333
"2660",2019-04-15 03:02:15,3565369,0.7,2,2740,0.000994444444444444
"2661",2019-04-15 03:02:16,3565376,0.7,2,2742,0.000994444444444444
"2662",2019-04-15 03:02:17,3565383,0.7,2,2744,0.000994444444444444
"2663",2019-04-15 03:02:17,3565390,1.2,2,2746,0.00118888888888889
"2664",2019-04-15 03:02:19,3565402,0.8,2,2748,0.00103333333333333
"2665",2019-04-15 03:02:20,3565410,1.4,2,2750,0.00126666666666667
"2666",2019-04-15 03:02:21,3565424,0.8,2,2752,0.00103333333333333
"2667",2019-04-15 03:02:22,3565432,0.9,2,2754,0.00107222222222222
"2668",2019-04-15 03:02:23,3565441,1,2,2756,0.00111111111111111
"2669",2019-04-15 03:02:24,3565451,5.3,2,2758,0.00278333333333333
"2670",2019-04-15 03:02:29,3565504,0.8,2,2760,0.00103333333333333
"2671",2019-04-15 03:02:30,3565512,0.8,2,2762,0.00103333333333333
"2672",2019-04-15 03:02:31,3565520,2.5,2,2764,0.00169444444444444
"2673",2019-04-15 03:02:33,3565545,0.8,2,2766,0.00103333333333333
"2674",2019-04-15 03:02:34,3565553,1.6,2,2768,0.00134444444444444
"2675",2019-04-15 03:02:35,3565569,1.3,2,2770,0.00122777777777778
"2676",2019-04-15 03:02:37,3565582,1.4,2,2772,0.00126666666666667
"2677",2019-04-15 03:02:38,3565596,0.7,2,2774,0.000994444444444444
"2678",2019-04-15 03:02:39,3565603,0.9,2,2776,0.00107222222222222
"2679",2019-04-15 03:02:40,3565612,0.8,2,2778,0.00103333333333333
"2680",2019-04-15 03:02:40,3565620,1,2,2780,0.00111111111111111
"2681",2019-04-15 03:02:42,3565630,1.6,2,2782,0.00134444444444444
"2682",2019-04-15 03:02:43,3565646,2.7,2,2784,0.00177222222222222
"2683",2019-04-15 03:02:46,3565673,5.1,2,2786,0.00270555555555556
"2684",2019-04-15 03:02:51,3565724,0.7,2,2788,0.000994444444444444
"2685",2019-04-15 03:02:52,3565731,4.1,2,2790,0.00231666666666667
"2686",2019-04-15 03:02:56,3565772,0.7,2,2792,0.000994444444444444
"2687",2019-04-15 03:02:56,3565779,14,1,2792,0.00544444444444444
"2688",2019-04-15 03:03:10,3565919,5,2,2794,0.00266666666666667
"2689",2019-04-15 03:03:15,3565969,2.6,2,2796,0.00173333333333333
"2690",2019-04-15 03:03:18,3565995,5.6,2,2798,0.0029
"2691",2019-04-15 03:03:24,3566051,40,1,2798,0.0155555555555556
"2692",2019-04-15 03:04:04,3566451,1.6,2,2800,0.00134444444444444
"2693",2019-04-15 03:04:05,3566467,67.7,1,2800,0.0263277777777778
"2694",2019-04-15 03:05:13,3567144,1.8,2,2802,0.00142222222222222
"2695",2019-04-15 03:05:15,3567162,4,2,2804,0.00227777777777778
"2696",2019-04-15 03:05:19,3567202,3.6,2,2806,0.00212222222222222
"2697",2019-04-15 03:05:22,3567238,3.8,2,2808,0.0022
"2698",2019-04-15 03:05:26,3567276,48,1,2808,0.0186666666666667
"2699",2019-04-15 03:06:14,3567756,4.2,2,2810,0.00235555555555556
"2700",2019-04-15 03:06:18,3567798,119.1,1,2810,0.0463166666666667
"2701",2019-04-15 03:08:17,3568989,3.1,2,2812,0.00192777777777778
"2702",2019-04-15 03:08:20,3569020,58.9,1,2812,0.0229055555555556
"2703",2019-04-15 03:09:19,3569609,1,2,2814,0.00111111111111111
"2704",2019-04-15 03:09:20,3569619,97,1,2814,0.0377222222222222
"2705",2019-04-15 03:10:57,3570589,0.7,2,2816,0.000994444444444444
"2706",2019-04-15 03:10:58,3570596,1.6,2,2818,0.00134444444444444
"2707",2019-04-15 03:11:00,3570612,1.3,2,2820,0.00122777777777778
"2708",2019-04-15 03:11:01,3570625,2.8,2,2822,0.00181111111111111
"2709",2019-04-15 03:11:04,3570653,2,1,2822,0.000777777777777778
"2710",2019-04-15 03:11:06,3570673,84,0,2822,0.0291666666666667
"2711",2019-04-15 03:12:30,3571513,10.8,1,2822,0.0042
"2712",2019-04-15 03:12:41,3571621,2.9,2,2824,0.00185
"2713",2019-04-15 03:12:44,3571650,4.3,2,2826,0.00239444444444444
"2714",2019-04-15 03:12:48,3571693,14.3,1,2826,0.00556111111111111
"2715",2019-04-15 03:13:02,3571836,2.3,2,2828,0.00161666666666667
"2716",2019-04-15 03:13:04,3571859,15.6,1,2828,0.00606666666666667
"2717",2019-04-15 03:13:20,3572015,45.3,0,2828,0.0157291666666667
"2718",2019-04-15 03:14:05,3572468,110.6,1,2828,0.0430111111111111
"2719",2019-04-15 03:15:56,3573574,4.3,2,2830,0.00239444444444444
"2720",2019-04-15 03:16:00,3573617,186.1,1,2830,0.0723722222222222
"2721",2019-04-15 03:19:06,3575478,4.5,2,2832,0.00247222222222222
"2722",2019-04-15 03:19:11,3575523,1.9,2,2834,0.00146111111111111
"2723",2019-04-15 03:19:13,3575542,4.2,2,2836,0.00235555555555556
"2724",2019-04-15 03:19:17,3575584,1.8,2,2838,0.00142222222222222
"2725",2019-04-15 03:19:19,3575602,4.6,2,2840,0.00251111111111111
"2726",2019-04-15 03:19:23,3575648,1794.5,1,2840,0.697861111111111
"2727",2019-04-15 03:49:18,3593593,2.9,2,2842,0.00185
"2728",2019-04-15 03:49:21,3593622,263.2,1,2842,0.102355555555556
"2729",2019-04-15 03:53:44,3596254,4.5,2,2844,0.00247222222222222
"2730",2019-04-15 03:53:48,3596299,721.7,1,2844,0.280661111111111
"2731",2019-04-15 04:05:50,3603516,4.9,2,2846,0.00262777777777778
"2732",2019-04-15 04:05:55,3603565,619.9,1,2846,0.241072222222222
"2733",2019-04-15 04:16:15,3609764,2.1,2,2848,0.00153888888888889
"2734",2019-04-15 04:16:17,3609785,2334.6,1,2848,0.9079
"2735",2019-04-15 04:55:12,3633131,4.2,2,2850,0.00235555555555556
"2750",2019-04-16 16:09:12,4901535,12.9,1,2860,0.00501666666666667
"2751",2019-04-16 16:09:25,4901664,603.6,0,2860,0.209583333333333
"2755",2019-04-16 23:30:50,5166516,5.2,2,2862,0.00274444444444444
"2756",2019-04-16 23:30:55,5166568,250.3,1,2862,0.0973388888888889
"2757",2019-04-16 23:35:06,5169071,41.4,0,2862,0.014375
"2758",2019-04-16 23:35:47,5169485,12.8,1,2862,0.00497777777777778
"2759",2019-04-16 23:36:00,5169613,2.2,2,2864,0.00157777777777778
"2760",2019-04-16 23:36:02,5169635,153.7,1,2864,0.0597722222222222
"2761",2019-04-16 23:38:36,5171172,653.1,0,2864,0.226770833333333
"2762",2019-04-16 23:49:29,5177703,0.8,1,2864,0.000311111111111111
"2763",2019-04-16 23:49:30,5177711,0.7,2,2866,0.000994444444444444
"2764",2019-04-16 23:49:30,5177718,0.7,2,2868,0.000994444444444444
"2765",2019-04-16 23:49:31,5177725,0.7,2,2870,0.000994444444444444
"2766",2019-04-16 23:49:32,5177732,0.7,2,2872,0.000994444444444444
"2767",2019-04-16 23:49:32,5177739,0.7,2,2874,0.000994444444444444
"2768",2019-04-16 23:49:33,5177746,0.7,2,2876,0.000994444444444444
"2769",2019-04-16 23:49:34,5177753,0.7,2,2878,0.000994444444444444
"2770",2019-04-16 23:49:34,5177760,1,2,2880,0.00111111111111111
"2771",2019-04-16 23:49:36,5177770,1.4,2,2882,0.00126666666666667
"2772",2019-04-16 23:49:37,5177784,1.1,2,2884,0.00115
"2773",2019-04-16 23:49:38,5177795,0.7,2,2886,0.000994444444444444
"2774",2019-04-16 23:49:39,5177802,0.7,2,2888,0.000994444444444444
"2775",2019-04-16 23:49:39,5177809,0.7,2,2890,0.000994444444444444
"2776",2019-04-16 23:49:40,5177816,0.7,2,2892,0.000994444444444444
"2777",2019-04-16 23:49:41,5177823,0.7,2,2894,0.000994444444444444
"2778",2019-04-16 23:49:41,5177830,0.7,2,2896,0.000994444444444444
"2779",2019-04-16 23:49:42,5177837,0.7,2,2898,0.000994444444444444
"2780",2019-04-16 23:49:43,5177844,0.7,2,2900,0.000994444444444444
"2781",2019-04-16 23:49:44,5177851,0.7,2,2902,0.000994444444444444
"2782",2019-04-16 23:49:44,5177858,0.7,2,2904,0.000994444444444444
"2783",2019-04-16 23:49:45,5177865,0.7,2,2906,0.000994444444444444
"2784",2019-04-16 23:49:46,5177872,0.7,2,2908,0.000994444444444444
"2785",2019-04-16 23:49:46,5177879,0.7,2,2910,0.000994444444444444
"2786",2019-04-16 23:49:47,5177886,0.7,2,2912,0.000994444444444444
"2787",2019-04-16 23:49:48,5177893,0.7,2,2914,0.000994444444444444
"2788",2019-04-16 23:49:48,5177900,0.7,2,2916,0.000994444444444444
"2789",2019-04-16 23:49:49,5177907,0.7,2,2918,0.000994444444444444
"2790",2019-04-16 23:49:50,5177914,0.7,2,2920,0.000994444444444444
"2791",2019-04-16 23:49:51,5177921,0.7,2,2922,0.000994444444444444
"2792",2019-04-16 23:49:51,5177928,0.7,2,2924,0.000994444444444444
"2793",2019-04-16 23:49:52,5177935,0.7,2,2926,0.000994444444444444
"2794",2019-04-16 23:49:53,5177942,0.7,2,2928,0.000994444444444444
"2795",2019-04-16 23:49:53,5177949,0.7,2,2930,0.000994444444444444
"2796",2019-04-16 23:49:54,5177956,0.7,2,2932,0.000994444444444444
"2797",2019-04-16 23:49:55,5177963,0.7,2,2934,0.000994444444444444
"2798",2019-04-16 23:49:56,5177970,0.7,2,2936,0.000994444444444444
"2799",2019-04-16 23:49:56,5177977,0.7,2,2938,0.000994444444444444
"2800",2019-04-16 23:49:57,5177984,0.7,2,2940,0.000994444444444444
"2801",2019-04-16 23:49:58,5177991,0.7,2,2942,0.000994444444444444
"2802",2019-04-16 23:49:58,5177998,0.7,2,2944,0.000994444444444444
"2803",2019-04-16 23:49:59,5178005,1,2,2946,0.00111111111111111
"2804",2019-04-16 23:50:00,5178015,1.4,2,2948,0.00126666666666667
"2805",2019-04-16 23:50:01,5178029,0.7,2,2950,0.000994444444444444
"2806",2019-04-16 23:50:02,5178036,1.1,2,2952,0.00115
"2807",2019-04-16 23:50:03,5178047,0.7,2,2954,0.000994444444444444
"2808",2019-04-16 23:50:04,5178054,0.7,2,2956,0.000994444444444444
"2809",2019-04-16 23:50:05,5178061,0.7,2,2958,0.000994444444444444
"2810",2019-04-16 23:50:05,5178068,0.7,2,2960,0.000994444444444444
"2811",2019-04-16 23:50:06,5178075,0.7,2,2962,0.000994444444444444
"2812",2019-04-16 23:50:07,5178082,0.7,2,2964,0.000994444444444444
"2813",2019-04-16 23:50:07,5178089,0.7,2,2966,0.000994444444444444
"2814",2019-04-16 23:50:08,5178096,0.7,2,2968,0.000994444444444444
"2815",2019-04-16 23:50:09,5178103,0.7,2,2970,0.000994444444444444
"2816",2019-04-16 23:50:10,5178110,0.7,2,2972,0.000994444444444444
"2817",2019-04-16 23:50:10,5178117,0.7,2,2974,0.000994444444444444
"2818",2019-04-16 23:50:11,5178124,0.7,2,2976,0.000994444444444444
"2819",2019-04-16 23:50:12,5178131,0.7,2,2978,0.000994444444444444
"2820",2019-04-16 23:50:12,5178138,0.8,2,2980,0.00103333333333333
"2821",2019-04-16 23:50:13,5178146,3.4,2,2982,0.00204444444444444
"2822",2019-04-16 23:50:16,5178180,0.7,2,2984,0.000994444444444444
"2823",2019-04-16 23:50:17,5178187,0.7,2,2986,0.000994444444444444
"2824",2019-04-16 23:50:18,5178194,1,2,2988,0.00111111111111111
"2825",2019-04-16 23:50:19,5178204,0.7,2,2990,0.000994444444444444
"2826",2019-04-16 23:50:20,5178211,0.7,2,2992,0.000994444444444444
"2827",2019-04-16 23:50:20,5178218,0.7,2,2994,0.000994444444444444
"2828",2019-04-16 23:50:21,5178225,1.1,2,2996,0.00115
"2829",2019-04-16 23:50:22,5178236,0.7,2,2998,0.000994444444444444
"2830",2019-04-16 23:50:23,5178243,0.7,2,3000,0.000994444444444444
"2831",2019-04-16 23:50:23,5178250,0.7,2,3002,0.000994444444444444
"2832",2019-04-16 23:50:24,5178257,0.7,2,3004,0.000994444444444444
"2833",2019-04-16 23:50:25,5178264,0.7,2,3006,0.000994444444444444
"2834",2019-04-16 23:50:26,5178271,0.7,2,3008,0.000994444444444444
"2835",2019-04-16 23:50:26,5178278,0.7,2,3010,0.000994444444444444
"2836",2019-04-16 23:50:27,5178285,0.7,2,3012,0.000994444444444444
"2837",2019-04-16 23:50:28,5178292,0.7,2,3014,0.000994444444444444
"2838",2019-04-16 23:50:28,5178299,0.7,2,3016,0.000994444444444444
"2839",2019-04-16 23:50:29,5178306,0.7,2,3018,0.000994444444444444
"2840",2019-04-16 23:50:30,5178313,1,2,3020,0.00111111111111111
"2841",2019-04-16 23:50:31,5178323,0.7,2,3022,0.000994444444444444
"2842",2019-04-16 23:50:31,5178330,0.7,2,3024,0.000994444444444444
"2843",2019-04-16 23:50:32,5178337,0.7,2,3026,0.000994444444444444
"2844",2019-04-16 23:50:33,5178344,0.7,2,3028,0.000994444444444444
"2845",2019-04-16 23:50:34,5178351,0.7,2,3030,0.000994444444444444
"2846",2019-04-16 23:50:34,5178358,0.7,2,3032,0.000994444444444444
"2847",2019-04-16 23:50:35,5178365,0.7,2,3034,0.000994444444444444
"2848",2019-04-16 23:50:36,5178372,0.7,2,3036,0.000994444444444444
"2849",2019-04-16 23:50:36,5178379,0.7,2,3038,0.000994444444444444
"2850",2019-04-16 23:50:37,5178386,1,2,3040,0.00111111111111111
"2851",2019-04-16 23:50:38,5178396,1.4,2,3042,0.00126666666666667
"2852",2019-04-16 23:50:39,5178410,1.1,2,3044,0.00115
"2853",2019-04-16 23:50:41,5178421,0.7,2,3046,0.000994444444444444
"2854",2019-04-16 23:50:41,5178428,0.7,2,3048,0.000994444444444444
"2855",2019-04-16 23:50:42,5178435,0.7,2,3050,0.000994444444444444
"2856",2019-04-16 23:50:43,5178442,0.7,2,3052,0.000994444444444444
"2857",2019-04-16 23:50:43,5178449,0.7,2,3054,0.000994444444444444
"2858",2019-04-16 23:50:44,5178456,0.7,2,3056,0.000994444444444444
"2859",2019-04-16 23:50:45,5178463,0.7,2,3058,0.000994444444444444
"2860",2019-04-16 23:50:46,5178470,0.7,2,3060,0.000994444444444444
"2861",2019-04-16 23:50:46,5178477,0.7,2,3062,0.000994444444444444
"2862",2019-04-16 23:50:47,5178484,0.7,2,3064,0.000994444444444444
"2863",2019-04-16 23:50:48,5178491,0.7,2,3066,0.000994444444444444
"2864",2019-04-16 23:50:48,5178498,0.7,2,3068,0.000994444444444444
"2865",2019-04-16 23:50:49,5178505,0.7,2,3070,0.000994444444444444
"2866",2019-04-16 23:50:50,5178512,0.7,2,3072,0.000994444444444444
"2867",2019-04-16 23:50:50,5178519,0.7,2,3074,0.000994444444444444
"2868",2019-04-16 23:50:51,5178526,0.7,2,3076,0.000994444444444444
"2869",2019-04-16 23:50:52,5178533,0.7,2,3078,0.000994444444444444
"2870",2019-04-16 23:50:53,5178540,0.7,2,3080,0.000994444444444444
"2871",2019-04-16 23:50:53,5178547,0.7,2,3082,0.000994444444444444
"2872",2019-04-16 23:50:54,5178554,0.7,2,3084,0.000994444444444444
"2873",2019-04-16 23:50:55,5178561,0.7,2,3086,0.000994444444444444
"2874",2019-04-16 23:50:55,5178568,0.7,2,3088,0.000994444444444444
"2875",2019-04-16 23:50:56,5178575,0.7,2,3090,0.000994444444444444
"2876",2019-04-16 23:50:57,5178582,0.7,2,3092,0.000994444444444444
"2877",2019-04-16 23:50:57,5178589,0.7,2,3094,0.000994444444444444
"2878",2019-04-16 23:50:58,5178596,0.7,2,3096,0.000994444444444444
"2879",2019-04-16 23:50:59,5178603,0.7,2,3098,0.000994444444444444
"2880",2019-04-16 23:51:00,5178610,0.9,2,3100,0.00107222222222222
"2881",2019-04-16 23:51:00,5178619,1.1,2,3102,0.00115
"2882",2019-04-16 23:51:01,5178630,0.7,2,3104,0.000994444444444444
"2883",2019-04-16 23:51:02,5178637,0.7,2,3106,0.000994444444444444
"2884",2019-04-16 23:51:03,5178644,0.7,2,3108,0.000994444444444444
"2885",2019-04-16 23:51:04,5178651,0.7,2,3110,0.000994444444444444
"2886",2019-04-16 23:51:04,5178658,0.7,2,3112,0.000994444444444444
"2887",2019-04-16 23:51:05,5178665,0.7,2,3114,0.000994444444444444
"2888",2019-04-16 23:51:06,5178672,0.7,2,3116,0.000994444444444444
"2889",2019-04-16 23:51:06,5178679,0.7,2,3118,0.000994444444444444
"2890",2019-04-16 23:51:07,5178686,1,2,3120,0.00111111111111111
"2891",2019-04-16 23:51:08,5178696,1.4,2,3122,0.00126666666666667
"2892",2019-04-16 23:51:09,5178710,1.1,2,3124,0.00115
"2893",2019-04-16 23:51:11,5178721,0.7,2,3126,0.000994444444444444
"2894",2019-04-16 23:51:11,5178728,0.7,2,3128,0.000994444444444444
"2895",2019-04-16 23:51:12,5178735,0.7,2,3130,0.000994444444444444
"2896",2019-04-16 23:51:13,5178742,0.7,2,3132,0.000994444444444444
"2897",2019-04-16 23:51:13,5178749,0.7,2,3134,0.000994444444444444
"2898",2019-04-16 23:51:14,5178756,0.7,2,3136,0.000994444444444444
"2899",2019-04-16 23:51:15,5178763,0.7,2,3138,0.000994444444444444
"2900",2019-04-16 23:51:16,5178770,0.7,2,3140,0.000994444444444444
"2901",2019-04-16 23:51:16,5178777,0.7,2,3142,0.000994444444444444
"2902",2019-04-16 23:51:17,5178784,0.7,2,3144,0.000994444444444444
"2903",2019-04-16 23:51:18,5178791,0.7,2,3146,0.000994444444444444
"2904",2019-04-16 23:51:18,5178798,0.7,2,3148,0.000994444444444444
"2905",2019-04-16 23:51:19,5178805,0.7,2,3150,0.000994444444444444
"2906",2019-04-16 23:51:20,5178812,0.7,2,3152,0.000994444444444444
"2907",2019-04-16 23:51:20,5178819,0.7,2,3154,0.000994444444444444
"2908",2019-04-16 23:51:21,5178826,0.7,2,3156,0.000994444444444444
"2909",2019-04-16 23:51:22,5178833,0.7,2,3158,0.000994444444444444
"2910",2019-04-16 23:51:22,5178840,0.7,2,3160,0.000994444444444444
"2911",2019-04-16 23:51:23,5178847,0.7,2,3162,0.000994444444444444
"2912",2019-04-16 23:51:24,5178854,0.7,2,3164,0.000994444444444444
"2913",2019-04-16 23:51:25,5178861,0.7,2,3166,0.000994444444444444
"2914",2019-04-16 23:51:25,5178868,0.7,2,3168,0.000994444444444444
"2915",2019-04-16 23:51:26,5178875,0.7,2,3170,0.000994444444444444
"2916",2019-04-16 23:51:27,5178882,0.7,2,3172,0.000994444444444444
"2917",2019-04-16 23:51:27,5178889,0.7,2,3174,0.000994444444444444
"2918",2019-04-16 23:51:28,5178896,0.7,2,3176,0.000994444444444444
"2919",2019-04-16 23:51:29,5178903,0.7,2,3178,0.000994444444444444
"2920",2019-04-16 23:51:29,5178910,1.3,2,3180,0.00122777777777778
"2921",2019-04-16 23:51:31,5178923,0.7,2,3182,0.000994444444444444
"2922",2019-04-16 23:51:32,5178930,0.7,2,3184,0.000994444444444444
"2923",2019-04-16 23:51:32,5178937,0.7,2,3186,0.000994444444444444
"2924",2019-04-16 23:51:33,5178944,0.7,2,3188,0.000994444444444444
"2925",2019-04-16 23:51:34,5178951,0.7,2,3190,0.000994444444444444
"2926",2019-04-16 23:51:34,5178958,0.7,2,3192,0.000994444444444444
"2927",2019-04-16 23:51:35,5178965,0.7,2,3194,0.000994444444444444
"2928",2019-04-16 23:51:36,5178972,0.7,2,3196,0.000994444444444444
"2929",2019-04-16 23:51:36,5178979,1,2,3198,0.00111111111111111
"2930",2019-04-16 23:51:37,5178989,1.4,2,3200,0.00126666666666667
"2931",2019-04-16 23:51:39,5179003,1.1,2,3202,0.00115
"2932",2019-04-16 23:51:40,5179014,0.7,2,3204,0.000994444444444444
"2933",2019-04-16 23:51:41,5179021,0.7,2,3206,0.000994444444444444
"2934",2019-04-16 23:51:41,5179028,0.7,2,3208,0.000994444444444444
"2935",2019-04-16 23:51:42,5179035,0.7,2,3210,0.000994444444444444
"2936",2019-04-16 23:51:43,5179042,0.7,2,3212,0.000994444444444444
"2937",2019-04-16 23:51:43,5179049,0.7,2,3214,0.000994444444444444
"2938",2019-04-16 23:51:44,5179056,0.7,2,3216,0.000994444444444444
"2939",2019-04-16 23:51:45,5179063,0.7,2,3218,0.000994444444444444
"2940",2019-04-16 23:51:45,5179070,0.7,2,3220,0.000994444444444444
"2941",2019-04-16 23:51:46,5179077,0.7,2,3222,0.000994444444444444
"2942",2019-04-16 23:51:47,5179084,0.7,2,3224,0.000994444444444444
"2943",2019-04-16 23:51:48,5179091,0.7,2,3226,0.000994444444444444
"2944",2019-04-16 23:51:48,5179098,0.7,2,3228,0.000994444444444444
"2945",2019-04-16 23:51:49,5179105,0.7,2,3230,0.000994444444444444
"2946",2019-04-16 23:51:50,5179112,1,2,3232,0.00111111111111111
"2947",2019-04-16 23:51:51,5179122,0.7,2,3234,0.000994444444444444
"2948",2019-04-16 23:51:51,5179129,0.7,2,3236,0.000994444444444444
"2949",2019-04-16 23:51:52,5179136,0.7,2,3238,0.000994444444444444
"2950",2019-04-16 23:51:53,5179143,0.7,2,3240,0.000994444444444444
"2951",2019-04-16 23:51:54,5179150,1.1,2,3242,0.00115
"2952",2019-04-16 23:51:55,5179161,0.7,2,3244,0.000994444444444444
"2953",2019-04-16 23:51:55,5179168,0.7,2,3246,0.000994444444444444
"2954",2019-04-16 23:51:56,5179175,0.7,2,3248,0.000994444444444444
"2955",2019-04-16 23:51:57,5179182,0.7,2,3250,0.000994444444444444
"2956",2019-04-16 23:51:57,5179189,0.7,2,3252,0.000994444444444444
"2957",2019-04-16 23:51:58,5179196,0.7,2,3254,0.000994444444444444
"2958",2019-04-16 23:51:59,5179203,0.7,2,3256,0.000994444444444444
"2959",2019-04-16 23:51:59,5179210,0.7,2,3258,0.000994444444444444
"2960",2019-04-16 23:52:00,5179217,0.7,2,3260,0.000994444444444444
"2961",2019-04-16 23:52:01,5179224,0.7,2,3262,0.000994444444444444
"2962",2019-04-16 23:52:02,5179231,0.7,2,3264,0.000994444444444444
"2963",2019-04-16 23:52:02,5179238,0.7,2,3266,0.000994444444444444
"2964",2019-04-16 23:52:03,5179245,0.7,2,3268,0.000994444444444444
"2965",2019-04-16 23:52:04,5179252,0.7,2,3270,0.000994444444444444
"2966",2019-04-16 23:52:04,5179259,0.7,2,3272,0.000994444444444444
"2967",2019-04-16 23:52:05,5179266,0.7,2,3274,0.000994444444444444
"2968",2019-04-16 23:52:06,5179273,0.7,2,3276,0.000994444444444444
"2969",2019-04-16 23:52:07,5179280,0.7,2,3278,0.000994444444444444
"2970",2019-04-16 23:52:07,5179287,0.7,2,3280,0.000994444444444444
"2971",2019-04-16 23:52:08,5179294,0.7,2,3282,0.000994444444444444
"2972",2019-04-16 23:52:09,5179301,0.7,2,3284,0.000994444444444444
"2973",2019-04-16 23:52:09,5179308,0.7,2,3286,0.000994444444444444
"2974",2019-04-16 23:52:10,5179315,0.7,2,3288,0.000994444444444444
"2975",2019-04-16 23:52:11,5179322,1.3,2,3290,0.00122777777777778
"2976",2019-04-16 23:52:12,5179335,0.7,2,3292,0.000994444444444444
"2977",2019-04-16 23:52:13,5179342,0.7,2,3294,0.000994444444444444
"2978",2019-04-16 23:52:13,5179349,0.7,2,3296,0.000994444444444444
"2979",2019-04-16 23:52:14,5179356,0.7,2,3298,0.000994444444444444
"2980",2019-04-16 23:52:15,5179363,0.7,2,3300,0.000994444444444444
"2981",2019-04-16 23:52:15,5179370,0.7,2,3302,0.000994444444444444
"2982",2019-04-16 23:52:16,5179377,0.7,2,3304,0.000994444444444444
"2983",2019-04-16 23:52:17,5179384,0.7,2,3306,0.000994444444444444
"2984",2019-04-16 23:52:18,5179391,1,2,3308,0.00111111111111111
"2985",2019-04-16 23:52:19,5179401,1.4,2,3310,0.00126666666666667
"2986",2019-04-16 23:52:20,5179415,1.1,2,3312,0.00115
"2987",2019-04-16 23:52:21,5179426,0.7,2,3314,0.000994444444444444
"2988",2019-04-16 23:52:22,5179433,0.7,2,3316,0.000994444444444444
"2989",2019-04-16 23:52:22,5179440,0.7,2,3318,0.000994444444444444
"2990",2019-04-16 23:52:23,5179447,0.7,2,3320,0.000994444444444444
"2991",2019-04-16 23:52:24,5179454,0.7,2,3322,0.000994444444444444
"2992",2019-04-16 23:52:25,5179461,0.7,2,3324,0.000994444444444444
"2993",2019-04-16 23:52:25,5179468,0.7,2,3326,0.000994444444444444
"2994",2019-04-16 23:52:26,5179475,0.7,2,3328,0.000994444444444444
"2995",2019-04-16 23:52:27,5179482,0.7,2,3330,0.000994444444444444
"2996",2019-04-16 23:52:27,5179489,0.7,2,3332,0.000994444444444444
"2997",2019-04-16 23:52:28,5179496,0.7,2,3334,0.000994444444444444
"2998",2019-04-16 23:52:29,5179503,0.7,2,3336,0.000994444444444444
"2999",2019-04-16 23:52:30,5179510,0.7,2,3338,0.000994444444444444
"3000",2019-04-16 23:52:30,5179517,0.7,2,3340,0.000994444444444444
"3001",2019-04-16 23:52:31,5179524,0.7,2,3342,0.000994444444444444
"3002",2019-04-16 23:52:32,5179531,0.7,2,3344,0.000994444444444444
"3003",2019-04-16 23:52:32,5179538,0.7,2,3346,0.000994444444444444
"3004",2019-04-16 23:52:33,5179545,0.7,2,3348,0.000994444444444444
"3005",2019-04-16 23:52:34,5179552,0.7,2,3350,0.000994444444444444
"3006",2019-04-16 23:52:34,5179559,0.7,2,3352,0.000994444444444444
"3007",2019-04-16 23:52:35,5179566,0.7,2,3354,0.000994444444444444
"3008",2019-04-16 23:52:36,5179573,0.7,2,3356,0.000994444444444444
"3009",2019-04-16 23:52:37,5179580,0.7,2,3358,0.000994444444444444
"3010",2019-04-16 23:52:37,5179587,0.9,2,3360,0.00107222222222222
"3011",2019-04-16 23:52:38,5179596,1.1,2,3362,0.00115
"3012",2019-04-16 23:52:39,5179607,0.7,2,3364,0.000994444444444444
"3013",2019-04-16 23:52:40,5179614,0.7,2,3366,0.000994444444444444
"3014",2019-04-16 23:52:41,5179621,0.7,2,3368,0.000994444444444444
"3015",2019-04-16 23:52:41,5179628,0.7,2,3370,0.000994444444444444
"3016",2019-04-16 23:52:42,5179635,0.7,2,3372,0.000994444444444444
"3017",2019-04-16 23:52:43,5179642,1,2,3374,0.00111111111111111
"3018",2019-04-16 23:52:44,5179652,0.7,2,3376,0.000994444444444444
"3019",2019-04-16 23:52:44,5179659,0.7,2,3378,0.000994444444444444
"3020",2019-04-16 23:52:45,5179666,0.7,2,3380,0.000994444444444444
"3021",2019-04-16 23:52:46,5179673,1.1,2,3382,0.00115
"3022",2019-04-16 23:52:47,5179684,0.7,2,3384,0.000994444444444444
"3023",2019-04-16 23:52:48,5179691,0.7,2,3386,0.000994444444444444
"3024",2019-04-16 23:52:48,5179698,0.7,2,3388,0.000994444444444444
"3025",2019-04-16 23:52:49,5179705,0.7,2,3390,0.000994444444444444
"3026",2019-04-16 23:52:50,5179712,0.7,2,3392,0.000994444444444444
"3027",2019-04-16 23:52:50,5179719,0.7,2,3394,0.000994444444444444
"3028",2019-04-16 23:52:51,5179726,1,2,3396,0.00111111111111111
"3029",2019-04-16 23:52:52,5179736,0.7,2,3398,0.000994444444444444
"3030",2019-04-16 23:52:53,5179743,0.7,2,3400,0.000994444444444444
"3031",2019-04-16 23:52:53,5179750,0.7,2,3402,0.000994444444444444
"3032",2019-04-16 23:52:54,5179757,1,2,3404,0.00111111111111111
"3033",2019-04-16 23:52:55,5179767,0.7,2,3406,0.000994444444444444
"3034",2019-04-16 23:52:56,5179774,0.7,2,3408,0.000994444444444444
"3035",2019-04-16 23:52:57,5179781,0.7,2,3410,0.000994444444444444
"3036",2019-04-16 23:52:57,5179788,1.1,2,3412,0.00115
"3037",2019-04-16 23:52:58,5179799,0.7,2,3414,0.000994444444444444
"3038",2019-04-16 23:52:59,5179806,0.7,2,3416,0.000994444444444444
"3039",2019-04-16 23:53:00,5179813,0.7,2,3418,0.000994444444444444
"3040",2019-04-16 23:53:01,5179820,0.7,2,3420,0.000994444444444444
"3041",2019-04-16 23:53:01,5179827,0.7,2,3422,0.000994444444444444
"3042",2019-04-16 23:53:02,5179834,0.7,2,3424,0.000994444444444444
"3043",2019-04-16 23:53:03,5179841,0.7,2,3426,0.000994444444444444
"3044",2019-04-16 23:53:03,5179848,0.7,2,3428,0.000994444444444444
"3045",2019-04-16 23:53:04,5179855,0.7,2,3430,0.000994444444444444
"3046",2019-04-16 23:53:05,5179862,0.7,2,3432,0.000994444444444444
"3047",2019-04-16 23:53:05,5179869,0.7,2,3434,0.000994444444444444
"3048",2019-04-16 23:53:06,5179876,0.7,2,3436,0.000994444444444444
"3049",2019-04-16 23:53:07,5179883,0.7,2,3438,0.000994444444444444
"3050",2019-04-16 23:53:08,5179890,0.7,2,3440,0.000994444444444444
"3051",2019-04-16 23:53:08,5179897,0.7,2,3442,0.000994444444444444
"3052",2019-04-16 23:53:09,5179904,0.7,2,3444,0.000994444444444444
"3053",2019-04-16 23:53:10,5179911,0.7,2,3446,0.000994444444444444
"3054",2019-04-16 23:53:10,5179918,0.7,2,3448,0.000994444444444444
"3055",2019-04-16 23:53:11,5179925,0.7,2,3450,0.000994444444444444
"3056",2019-04-16 23:53:12,5179932,0.7,2,3452,0.000994444444444444
"3057",2019-04-16 23:53:12,5179939,0.7,2,3454,0.000994444444444444
"3058",2019-04-16 23:53:13,5179946,0.9,2,3456,0.00107222222222222
"3059",2019-04-16 23:53:14,5179955,1.1,2,3458,0.00115
"3060",2019-04-16 23:53:15,5179966,0.7,2,3460,0.000994444444444444
"3061",2019-04-16 23:53:16,5179973,0.7,2,3462,0.000994444444444444
"3062",2019-04-16 23:53:16,5179980,0.7,2,3464,0.000994444444444444
"3063",2019-04-16 23:53:17,5179987,0.7,2,3466,0.000994444444444444
"3064",2019-04-16 23:53:18,5179994,0.7,2,3468,0.000994444444444444
"3065",2019-04-16 23:53:19,5180001,0.7,2,3470,0.000994444444444444
"3066",2019-04-16 23:53:19,5180008,0.7,2,3472,0.000994444444444444
"3067",2019-04-16 23:53:20,5180015,0.7,2,3474,0.000994444444444444
"3068",2019-04-16 23:53:21,5180022,1,2,3476,0.00111111111111111
"3069",2019-04-16 23:53:22,5180032,1.1,2,3478,0.00115
"3070",2019-04-16 23:53:23,5180043,0.7,2,3480,0.000994444444444444
"3071",2019-04-16 23:53:24,5180050,0.7,2,3482,0.000994444444444444
"3072",2019-04-16 23:53:24,5180057,0.7,2,3484,0.000994444444444444
"3073",2019-04-16 23:53:25,5180064,0.7,2,3486,0.000994444444444444
"3074",2019-04-16 23:53:26,5180071,0.7,2,3488,0.000994444444444444
"3075",2019-04-16 23:53:26,5180078,0.7,2,3490,0.000994444444444444
"3076",2019-04-16 23:53:27,5180085,0.7,2,3492,0.000994444444444444
"3077",2019-04-16 23:53:28,5180092,0.7,2,3494,0.000994444444444444
"3078",2019-04-16 23:53:28,5180099,0.7,2,3496,0.000994444444444444
"3079",2019-04-16 23:53:29,5180106,0.7,2,3498,0.000994444444444444
"3080",2019-04-16 23:53:30,5180113,0.7,2,3500,0.000994444444444444
"3081",2019-04-16 23:53:31,5180120,0.7,2,3502,0.000994444444444444
"3082",2019-04-16 23:53:31,5180127,0.7,2,3504,0.000994444444444444
"3083",2019-04-16 23:53:32,5180134,0.7,2,3506,0.000994444444444444
"3084",2019-04-16 23:53:33,5180141,1,2,3508,0.00111111111111111
"3085",2019-04-16 23:53:34,5180151,0.7,2,3510,0.000994444444444444
"3086",2019-04-16 23:53:34,5180158,1,2,3512,0.00111111111111111
"3087",2019-04-16 23:53:35,5180168,1.1,2,3514,0.00115
"3088",2019-04-16 23:53:36,5180179,0.7,2,3516,0.000994444444444444
"3089",2019-04-16 23:53:37,5180186,0.7,2,3518,0.000994444444444444
"3090",2019-04-16 23:53:38,5180193,0.7,2,3520,0.000994444444444444
"3091",2019-04-16 23:53:39,5180200,0.7,2,3522,0.000994444444444444
"3092",2019-04-16 23:53:39,5180207,0.7,2,3524,0.000994444444444444
"3093",2019-04-16 23:53:40,5180214,4.4,2,3526,0.00243333333333333
"3094",2019-04-16 23:53:44,5180258,0.7,2,3528,0.000994444444444444
"3095",2019-04-16 23:53:45,5180265,1,2,3530,0.00111111111111111
"3096",2019-04-16 23:53:46,5180275,1.1,2,3532,0.00115
"3097",2019-04-16 23:53:47,5180286,0.7,2,3534,0.000994444444444444
"3098",2019-04-16 23:53:48,5180293,0.7,2,3536,0.000994444444444444
"3099",2019-04-16 23:53:48,5180300,0.7,2,3538,0.000994444444444444
"3100",2019-04-16 23:53:49,5180307,0.7,2,3540,0.000994444444444444
"3101",2019-04-16 23:53:50,5180314,0.7,2,3542,0.000994444444444444
"3102",2019-04-16 23:53:51,5180321,0.7,2,3544,0.000994444444444444
"3103",2019-04-16 23:53:51,5180328,0.7,2,3546,0.000994444444444444
"3104",2019-04-16 23:53:52,5180335,0.7,2,3548,0.000994444444444444
"3105",2019-04-16 23:53:53,5180342,0.7,2,3550,0.000994444444444444
"3106",2019-04-16 23:53:53,5180349,0.7,2,3552,0.000994444444444444
"3107",2019-04-16 23:53:54,5180356,0.7,2,3554,0.000994444444444444
"3108",2019-04-16 23:53:55,5180363,0.7,2,3556,0.000994444444444444
"3109",2019-04-16 23:53:55,5180370,0.7,2,3558,0.000994444444444444
"3110",2019-04-16 23:53:56,5180377,0.7,2,3560,0.000994444444444444
"3111",2019-04-16 23:53:57,5180384,0.9,2,3562,0.00107222222222222
"3112",2019-04-16 23:53:58,5180393,0.7,2,3564,0.000994444444444444
"3113",2019-04-16 23:53:59,5180400,0.7,2,3566,0.000994444444444444
"3114",2019-04-16 23:53:59,5180407,0.7,2,3568,0.000994444444444444
"3115",2019-04-16 23:54:00,5180414,1,2,3570,0.00111111111111111
"3116",2019-04-16 23:54:01,5180424,0.7,2,3572,0.000994444444444444
"3117",2019-04-16 23:54:02,5180431,1.1,2,3574,0.00115
"3118",2019-04-16 23:54:03,5180442,0.7,2,3576,0.000994444444444444
"3119",2019-04-16 23:54:03,5180449,0.7,2,3578,0.000994444444444444
"3120",2019-04-16 23:54:04,5180456,0.7,2,3580,0.000994444444444444
"3121",2019-04-16 23:54:05,5180463,0.7,2,3582,0.000994444444444444
"3122",2019-04-16 23:54:06,5180470,0.7,2,3584,0.000994444444444444
"3123",2019-04-16 23:54:06,5180477,0.7,2,3586,0.000994444444444444
"3124",2019-04-16 23:54:07,5180484,0.7,2,3588,0.000994444444444444
"3125",2019-04-16 23:54:08,5180491,0.7,2,3590,0.000994444444444444
"3126",2019-04-16 23:54:08,5180498,0.7,2,3592,0.000994444444444444
"3127",2019-04-16 23:54:09,5180505,0.7,2,3594,0.000994444444444444
"3128",2019-04-16 23:54:10,5180512,0.7,2,3596,0.000994444444444444
"3129",2019-04-16 23:54:10,5180519,0.7,2,3598,0.000994444444444444
"3130",2019-04-16 23:54:11,5180526,0.7,2,3600,0.000994444444444444
"3131",2019-04-16 23:54:12,5180533,0.7,2,3602,0.000994444444444444
"3132",2019-04-16 23:54:13,5180540,0.7,2,3604,0.000994444444444444
"3133",2019-04-16 23:54:13,5180547,0.7,2,3606,0.000994444444444444
"3134",2019-04-16 23:54:14,5180554,0.7,2,3608,0.000994444444444444
"3135",2019-04-16 23:54:15,5180561,0.7,2,3610,0.000994444444444444
"3136",2019-04-16 23:54:15,5180568,0.7,2,3612,0.000994444444444444
"3137",2019-04-16 23:54:16,5180575,4.8,2,3614,0.00258888888888889
"3138",2019-04-16 23:54:21,5180623,0.7,2,3616,0.000994444444444444
"3139",2019-04-16 23:54:22,5180630,0.7,2,3618,0.000994444444444444
"3140",2019-04-16 23:54:22,5180637,0.7,2,3620,0.000994444444444444
"3141",2019-04-16 23:54:23,5180644,0.7,2,3622,0.000994444444444444
"3142",2019-04-16 23:54:24,5180651,0.7,2,3624,0.000994444444444444
"3143",2019-04-16 23:54:24,5180658,0.7,2,3626,0.000994444444444444
"3144",2019-04-16 23:54:25,5180665,0.7,2,3628,0.000994444444444444
"3145",2019-04-16 23:54:26,5180672,1,2,3630,0.00111111111111111
"3146",2019-04-16 23:54:27,5180682,0.7,2,3632,0.000994444444444444
"3147",2019-04-16 23:54:27,5180689,0.7,2,3634,0.000994444444444444
"3148",2019-04-16 23:54:28,5180696,0.7,2,3636,0.000994444444444444
"3149",2019-04-16 23:54:29,5180703,0.7,2,3638,0.000994444444444444
"3150",2019-04-16 23:54:30,5180710,1.1,2,3640,0.00115
"3151",2019-04-16 23:54:31,5180721,0.7,2,3642,0.000994444444444444
"3152",2019-04-16 23:54:31,5180728,0.7,2,3644,0.000994444444444444
"3153",2019-04-16 23:54:32,5180735,0.7,2,3646,0.000994444444444444
"3154",2019-04-16 23:54:33,5180742,0.7,2,3648,0.000994444444444444
"3155",2019-04-16 23:54:33,5180749,0.7,2,3650,0.000994444444444444
"3156",2019-04-16 23:54:34,5180756,0.7,2,3652,0.000994444444444444
"3157",2019-04-16 23:54:35,5180763,0.7,2,3654,0.000994444444444444
"3158",2019-04-16 23:54:35,5180770,0.7,2,3656,0.000994444444444444
"3159",2019-04-16 23:54:36,5180777,0.7,2,3658,0.000994444444444444
"3160",2019-04-16 23:54:37,5180784,0.7,2,3660,0.000994444444444444
"3161",2019-04-16 23:54:38,5180791,0.7,2,3662,0.000994444444444444
"3162",2019-04-16 23:54:38,5180798,0.7,2,3664,0.000994444444444444
"3163",2019-04-16 23:54:39,5180805,0.7,2,3666,0.000994444444444444
"3164",2019-04-16 23:54:40,5180812,0.7,2,3668,0.000994444444444444
"3165",2019-04-16 23:54:40,5180819,0.7,2,3670,0.000994444444444444
"3166",2019-04-16 23:54:41,5180826,0.7,2,3672,0.000994444444444444
"3167",2019-04-16 23:54:42,5180833,0.7,2,3674,0.000994444444444444
"3168",2019-04-16 23:54:42,5180840,0.7,2,3676,0.000994444444444444
"3169",2019-04-16 23:54:43,5180847,0.7,2,3678,0.000994444444444444
"3170",2019-04-16 23:54:44,5180854,0.7,2,3680,0.000994444444444444
"3171",2019-04-16 23:54:45,5180861,0.7,2,3682,0.000994444444444444
"3172",2019-04-16 23:54:45,5180868,0.7,2,3684,0.000994444444444444
"3173",2019-04-16 23:54:46,5180875,0.7,2,3686,0.000994444444444444
"3174",2019-04-16 23:54:47,5180882,0.7,2,3688,0.000994444444444444
"3175",2019-04-16 23:54:47,5180889,0.7,2,3690,0.000994444444444444
"3176",2019-04-16 23:54:48,5180896,0.7,2,3692,0.000994444444444444
"3177",2019-04-16 23:54:49,5180903,0.7,2,3694,0.000994444444444444
"3178",2019-04-16 23:54:49,5180910,0.7,2,3696,0.000994444444444444
"3179",2019-04-16 23:54:50,5180917,0.7,2,3698,0.000994444444444444
"3180",2019-04-16 23:54:51,5180924,0.7,2,3700,0.000994444444444444
"3181",2019-04-16 23:54:52,5180931,0.7,2,3702,0.000994444444444444
"3182",2019-04-16 23:54:52,5180938,0.7,2,3704,0.000994444444444444
"3183",2019-04-16 23:54:53,5180945,0.7,2,3706,0.000994444444444444
"3184",2019-04-16 23:54:54,5180952,1,2,3708,0.00111111111111111
"3185",2019-04-16 23:54:55,5180962,1.1,2,3710,0.00115
"3186",2019-04-16 23:54:56,5180973,0.7,2,3712,0.000994444444444444
"3187",2019-04-16 23:54:57,5180980,1,2,3714,0.00111111111111111
"3188",2019-04-16 23:54:57,5180990,0.7,2,3716,0.000994444444444444
"3189",2019-04-16 23:54:58,5180997,1.1,2,3718,0.00115
"3190",2019-04-16 23:54:59,5181008,0.7,2,3720,0.000994444444444444
"3191",2019-04-16 23:55:00,5181015,0.7,2,3722,0.000994444444444444
"3192",2019-04-16 23:55:01,5181022,0.7,2,3724,0.000994444444444444
"3193",2019-04-16 23:55:01,5181029,1,2,3726,0.00111111111111111
"3194",2019-04-16 23:55:02,5181039,1.1,2,3728,0.00115
"3195",2019-04-16 23:55:04,5181050,0.7,2,3730,0.000994444444444444
"3196",2019-04-16 23:55:04,5181057,0.7,2,3732,0.000994444444444444
"3197",2019-04-16 23:55:05,5181064,0.7,2,3734,0.000994444444444444
"3198",2019-04-16 23:55:06,5181071,0.7,2,3736,0.000994444444444444
"3199",2019-04-16 23:55:06,5181078,0.7,2,3738,0.000994444444444444
"3200",2019-04-16 23:55:07,5181085,0.7,2,3740,0.000994444444444444
"3201",2019-04-16 23:55:08,5181092,0.7,2,3742,0.000994444444444444
"3202",2019-04-16 23:55:08,5181099,0.7,2,3744,0.000994444444444444
"3203",2019-04-16 23:55:09,5181106,0.7,2,3746,0.000994444444444444
"3204",2019-04-16 23:55:10,5181113,1,2,3748,0.00111111111111111
"3205",2019-04-16 23:55:11,5181123,1,2,3750,0.00111111111111111
"3206",2019-04-16 23:55:12,5181133,0.7,2,3752,0.000994444444444444
"3207",2019-04-16 23:55:12,5181140,0.8,2,3754,0.00103333333333333
"3208",2019-04-16 23:55:13,5181148,0.7,2,3756,0.000994444444444444
"3209",2019-04-16 23:55:14,5181155,0.7,2,3758,0.000994444444444444
"3210",2019-04-16 23:55:15,5181162,0.7,2,3760,0.000994444444444444
"3211",2019-04-16 23:55:15,5181169,0.7,2,3762,0.000994444444444444
"3212",2019-04-16 23:55:16,5181176,0.7,2,3764,0.000994444444444444
"3213",2019-04-16 23:55:17,5181183,0.7,2,3766,0.000994444444444444
"3214",2019-04-16 23:55:17,5181190,0.7,2,3768,0.000994444444444444
"3215",2019-04-16 23:55:18,5181197,0.7,2,3770,0.000994444444444444
"3216",2019-04-16 23:55:19,5181204,0.7,2,3772,0.000994444444444444
"3217",2019-04-16 23:55:20,5181211,0.7,2,3774,0.000994444444444444
"3218",2019-04-16 23:55:20,5181218,0.7,2,3776,0.000994444444444444
"3219",2019-04-16 23:55:21,5181225,0.7,2,3778,0.000994444444444444
"3220",2019-04-16 23:55:22,5181232,0.7,2,3780,0.000994444444444444
"3221",2019-04-16 23:55:22,5181239,0.7,2,3782,0.000994444444444444
"3222",2019-04-16 23:55:23,5181246,0.7,2,3784,0.000994444444444444
"3223",2019-04-16 23:55:24,5181253,0.7,2,3786,0.000994444444444444
"3224",2019-04-16 23:55:24,5181260,0.7,2,3788,0.000994444444444444
"3225",2019-04-16 23:55:25,5181267,0.7,2,3790,0.000994444444444444
"3226",2019-04-16 23:55:26,5181274,0.7,2,3792,0.000994444444444444
"3227",2019-04-16 23:55:27,5181281,0.7,2,3794,0.000994444444444444
"3228",2019-04-16 23:55:27,5181288,0.7,2,3796,0.000994444444444444
"3229",2019-04-16 23:55:28,5181295,0.7,2,3798,0.000994444444444444
"3230",2019-04-16 23:55:29,5181302,0.7,2,3800,0.000994444444444444
"3231",2019-04-16 23:55:29,5181309,0.7,2,3802,0.000994444444444444
"3232",2019-04-16 23:55:30,5181316,0.8,2,3804,0.00103333333333333
"3233",2019-04-16 23:55:31,5181324,1.2,2,3806,0.00118888888888889
"3234",2019-04-16 23:55:32,5181336,0.7,2,3808,0.000994444444444444
"3235",2019-04-16 23:55:33,5181343,0.7,2,3810,0.000994444444444444
"3236",2019-04-16 23:55:34,5181350,0.7,2,3812,0.000994444444444444
"3237",2019-04-16 23:55:34,5181357,0.7,2,3814,0.000994444444444444
"3238",2019-04-16 23:55:35,5181364,0.7,2,3816,0.000994444444444444
"3239",2019-04-16 23:55:36,5181371,0.7,2,3818,0.000994444444444444
"3240",2019-04-16 23:55:36,5181378,0.7,2,3820,0.000994444444444444
"3241",2019-04-16 23:55:37,5181385,0.7,2,3822,0.000994444444444444
"3242",2019-04-16 23:55:38,5181392,1,2,3824,0.00111111111111111
"3243",2019-04-16 23:55:39,5181402,1.1,2,3826,0.00115
"3244",2019-04-16 23:55:40,5181413,1.4,2,3828,0.00126666666666667
"3245",2019-04-16 23:55:41,5181427,0.7,2,3830,0.000994444444444444
"3246",2019-04-16 23:55:42,5181434,0.7,2,3832,0.000994444444444444
"3247",2019-04-16 23:55:43,5181441,0.7,2,3834,0.000994444444444444
"3248",2019-04-16 23:55:43,5181448,1,2,3836,0.00111111111111111
"3249",2019-04-16 23:55:44,5181458,0.7,2,3838,0.000994444444444444
"3250",2019-04-16 23:55:45,5181465,1.1,2,3840,0.00115
"3251",2019-04-16 23:55:46,5181476,0.7,2,3842,0.000994444444444444
"3252",2019-04-16 23:55:47,5181483,0.7,2,3844,0.000994444444444444
"3253",2019-04-16 23:55:47,5181490,0.7,2,3846,0.000994444444444444
"3254",2019-04-16 23:55:48,5181497,0.7,2,3848,0.000994444444444444
"3255",2019-04-16 23:55:49,5181504,0.7,2,3850,0.000994444444444444
"3256",2019-04-16 23:55:50,5181511,0.7,2,3852,0.000994444444444444
"3257",2019-04-16 23:55:50,5181518,0.7,2,3854,0.000994444444444444
"3258",2019-04-16 23:55:51,5181525,0.7,2,3856,0.000994444444444444
"3259",2019-04-16 23:55:52,5181532,0.7,2,3858,0.000994444444444444
"3260",2019-04-16 23:55:52,5181539,1.4,2,3860,0.00126666666666667
"3261",2019-04-16 23:55:54,5181553,1.4,2,3862,0.00126666666666667
"3262",2019-04-16 23:55:55,5181567,0.7,2,3864,0.000994444444444444
"3263",2019-04-16 23:55:56,5181574,0.7,2,3866,0.000994444444444444
"3264",2019-04-16 23:55:57,5181581,0.7,2,3868,0.000994444444444444
"3265",2019-04-16 23:55:57,5181588,0.7,2,3870,0.000994444444444444
"3266",2019-04-16 23:55:58,5181595,0.7,2,3872,0.000994444444444444
"3267",2019-04-16 23:55:59,5181602,0.7,2,3874,0.000994444444444444
"3268",2019-04-16 23:55:59,5181609,0.7,2,3876,0.000994444444444444
"3269",2019-04-16 23:56:00,5181616,0.7,2,3878,0.000994444444444444
"3270",2019-04-16 23:56:01,5181623,0.7,2,3880,0.000994444444444444
"3271",2019-04-16 23:56:02,5181630,0.7,2,3882,0.000994444444444444
"3272",2019-04-16 23:56:02,5181637,0.7,2,3884,0.000994444444444444
"3273",2019-04-16 23:56:03,5181644,0.7,2,3886,0.000994444444444444
"3274",2019-04-16 23:56:04,5181651,0.7,2,3888,0.000994444444444444
"3275",2019-04-16 23:56:04,5181658,0.7,2,3890,0.000994444444444444
"3276",2019-04-16 23:56:05,5181665,0.7,2,3892,0.000994444444444444
"3277",2019-04-16 23:56:06,5181672,0.7,2,3894,0.000994444444444444
"3278",2019-04-16 23:56:06,5181679,0.7,2,3896,0.000994444444444444
"3279",2019-04-16 23:56:07,5181686,0.7,2,3898,0.000994444444444444
"3280",2019-04-16 23:56:08,5181693,0.7,2,3900,0.000994444444444444
"3281",2019-04-16 23:56:09,5181700,0.7,2,3902,0.000994444444444444
"3282",2019-04-16 23:56:09,5181707,0.7,2,3904,0.000994444444444444
"3283",2019-04-16 23:56:10,5181714,1.3,2,3906,0.00122777777777778
"3284",2019-04-16 23:56:11,5181727,0.7,2,3908,0.000994444444444444
"3285",2019-04-16 23:56:12,5181734,0.7,2,3910,0.000994444444444444
"3286",2019-04-16 23:56:13,5181741,1,2,3912,0.00111111111111111
"3287",2019-04-16 23:56:14,5181751,1.1,2,3914,0.00115
"3288",2019-04-16 23:56:15,5181762,1.4,2,3916,0.00126666666666667
"3289",2019-04-16 23:56:16,5181776,1.4,2,3918,0.00126666666666667
"3290",2019-04-16 23:56:18,5181790,0.7,2,3920,0.000994444444444444
"3291",2019-04-16 23:56:18,5181797,0.7,2,3922,0.000994444444444444
"3292",2019-04-16 23:56:19,5181804,0.7,2,3924,0.000994444444444444
"3293",2019-04-16 23:56:20,5181811,0.7,2,3926,0.000994444444444444
"3294",2019-04-16 23:56:20,5181818,0.9,2,3928,0.00107222222222222
"3295",2019-04-16 23:56:21,5181827,1.1,2,3930,0.00115
"3296",2019-04-16 23:56:22,5181838,0.7,2,3932,0.000994444444444444
"3297",2019-04-16 23:56:23,5181845,0.7,2,3934,0.000994444444444444
"3298",2019-04-16 23:56:24,5181852,0.7,2,3936,0.000994444444444444
"3299",2019-04-16 23:56:24,5181859,0.7,2,3938,0.000994444444444444
"3300",2019-04-16 23:56:25,5181866,1,2,3940,0.00111111111111111
"3301",2019-04-16 23:56:26,5181876,1,2,3942,0.00111111111111111
"3302",2019-04-16 23:56:27,5181886,0.7,2,3944,0.000994444444444444
"3303",2019-04-16 23:56:28,5181893,0.7,2,3946,0.000994444444444444
"3304",2019-04-16 23:56:29,5181900,0.8,2,3948,0.00103333333333333
"3305",2019-04-16 23:56:29,5181908,0.7,2,3950,0.000994444444444444
"3306",2019-04-16 23:56:30,5181915,0.7,2,3952,0.000994444444444444
"3307",2019-04-16 23:56:31,5181922,0.7,2,3954,0.000994444444444444
"3308",2019-04-16 23:56:31,5181929,0.7,2,3956,0.000994444444444444
"3309",2019-04-16 23:56:32,5181936,0.7,2,3958,0.000994444444444444
"3310",2019-04-16 23:56:33,5181943,0.7,2,3960,0.000994444444444444
"3311",2019-04-16 23:56:33,5181950,0.7,2,3962,0.000994444444444444
"3312",2019-04-16 23:56:34,5181957,0.7,2,3964,0.000994444444444444
"3313",2019-04-16 23:56:35,5181964,0.7,2,3966,0.000994444444444444
"3314",2019-04-16 23:56:36,5181971,0.7,2,3968,0.000994444444444444
"3315",2019-04-16 23:56:36,5181978,0.7,2,3970,0.000994444444444444
"3316",2019-04-16 23:56:37,5181985,0.7,2,3972,0.000994444444444444
"3317",2019-04-16 23:56:38,5181992,0.7,2,3974,0.000994444444444444
"3318",2019-04-16 23:56:38,5181999,0.7,2,3976,0.000994444444444444
"3319",2019-04-16 23:56:39,5182006,0.7,2,3978,0.000994444444444444
"3320",2019-04-16 23:56:40,5182013,0.7,2,3980,0.000994444444444444
"3321",2019-04-16 23:56:41,5182020,0.7,2,3982,0.000994444444444444
"3322",2019-04-16 23:56:41,5182027,0.7,2,3984,0.000994444444444444
"3323",2019-04-16 23:56:42,5182034,0.7,2,3986,0.000994444444444444
"3324",2019-04-16 23:56:43,5182041,0.7,2,3988,0.000994444444444444
"3325",2019-04-16 23:56:43,5182048,0.7,2,3990,0.000994444444444444
"3326",2019-04-16 23:56:44,5182055,0.7,2,3992,0.000994444444444444
"3327",2019-04-16 23:56:45,5182062,0.8,1,3992,0.000311111111111111
"3328",2019-04-16 23:56:45,5182070,2098.1,0,3992,0.728506944444444
"3329",2019-04-17 00:31:44,5203051,0.8,1,3992,0.000311111111111111
"3330",2019-04-17 00:31:44,5203059,1.1,2,3994,0.00115
"3331",2019-04-17 00:31:46,5203070,0.7,2,3996,0.000994444444444444
"3332",2019-04-17 00:31:46,5203077,1.3,2,3998,0.00122777777777778
"3333",2019-04-17 00:31:47,5203090,1.4,2,4000,0.00126666666666667
"3334",2019-04-17 00:31:49,5203104,0.7,2,4002,0.000994444444444444
"3335",2019-04-17 00:31:50,5203111,0.7,2,4004,0.000994444444444444
"3336",2019-04-17 00:31:50,5203118,0.7,2,4006,0.000994444444444444
"3337",2019-04-17 00:31:51,5203125,0.7,2,4008,0.000994444444444444
"3338",2019-04-17 00:31:52,5203132,0.7,2,4010,0.000994444444444444
"3339",2019-04-17 00:31:52,5203139,0.7,2,4012,0.000994444444444444
"3340",2019-04-17 00:31:53,5203146,0.7,2,4014,0.000994444444444444
"3341",2019-04-17 00:31:54,5203153,0.7,2,4016,0.000994444444444444
"3342",2019-04-17 00:31:55,5203160,0.7,2,4018,0.000994444444444444
"3343",2019-04-17 00:31:55,5203167,0.7,2,4020,0.000994444444444444
"3344",2019-04-17 00:31:56,5203174,0.7,2,4022,0.000994444444444444
"3345",2019-04-17 00:31:57,5203181,1.1,2,4024,0.00115
"3346",2019-04-17 00:31:58,5203192,1,2,4026,0.00111111111111111
"3347",2019-04-17 00:31:59,5203202,1,2,4028,0.00111111111111111
"3348",2019-04-17 00:32:00,5203212,1.4,2,4030,0.00126666666666667
"3349",2019-04-17 00:32:01,5203226,1.1,2,4032,0.00115
"3350",2019-04-17 00:32:02,5203237,1,2,4034,0.00111111111111111
"3351",2019-04-17 00:32:03,5203247,1.4,2,4036,0.00126666666666667
"3352",2019-04-17 00:32:05,5203261,1.1,2,4038,0.00115
"3353",2019-04-17 00:32:06,5203272,0.7,2,4040,0.000994444444444444
"3354",2019-04-17 00:32:06,5203279,0.7,2,4042,0.000994444444444444
"3355",2019-04-17 00:32:07,5203286,0.7,2,4044,0.000994444444444444
"3356",2019-04-17 00:32:08,5203293,1,2,4046,0.00111111111111111
"3357",2019-04-17 00:32:09,5203303,1.1,2,4048,0.00115
"3358",2019-04-17 00:32:10,5203314,0.7,2,4050,0.000994444444444444
"3359",2019-04-17 00:32:11,5203321,0.7,2,4052,0.000994444444444444
"3360",2019-04-17 00:32:11,5203328,0.7,2,4054,0.000994444444444444
"3361",2019-04-17 00:32:12,5203335,0.7,2,4056,0.000994444444444444
"3362",2019-04-17 00:32:13,5203342,0.7,2,4058,0.000994444444444444
"3363",2019-04-17 00:32:13,5203349,0.7,2,4060,0.000994444444444444
"3364",2019-04-17 00:32:14,5203356,0.7,2,4062,0.000994444444444444
"3365",2019-04-17 00:32:15,5203363,0.7,2,4064,0.000994444444444444
"3366",2019-04-17 00:32:15,5203370,0.7,2,4066,0.000994444444444444
"3367",2019-04-17 00:32:16,5203377,0.7,2,4068,0.000994444444444444
"3368",2019-04-17 00:32:17,5203384,0.4,1,4068,0.000155555555555556
"3369",2019-04-17 00:32:17,5203388,2834.3,0,4068,0.984131944444444
