"Time","DataCount (samples)","Interval (s)","ActivityCode (0=sedentary, 1=standing, 2=stepping)","CumulativeStepCount","Activity Score (MET.h)","Sum(Abs(DiffX)","Sum(Abs(DiffY)","Sum(Abs(DiffZ)"
43564.0000000000,0,0.1,1,0,3.8888888888888884e-05,67,20,32
43564.0000023148,2,147742.6,0,0,51.299513888888889,131318838,132943772,133120545
43565.7099861111,1477428,39.2,1,0,0.015244444444444446,2639,2814,2302
43565.7104398148,1477820,355.2,0,0,0.12333333333333334,77942,81212,77952
43565.7145509259,1481372,196.5,1,0,0.076416666666666661,13048,14418,12007
43565.7168252315,1483337,2509.3,0,0,0.8712847222222222,364540,401592,373687
43565.7458680556,1508430,247.2,1,0,0.096133333333333335,15210,18003,13710
43565.7487291667,1510902,3.2,2,1,0.0019666666666666665,3072,3076,3089
43565.7487662037,1510934,0.3,1,1,0.00011666666666666667,428,239,177
43565.7487696759,1510937,50201.4,0,1,17.431041666666665,52042108,52602178,52740794
43566.3298043981,2012951,12.6,1,1,0.004899999999999999,499,454,607
43566.3299502315,2013077,15355.3,0,1,5.3317013888888889,15626549,15781756,15838811
43566.5076736111,2166630,12.3,1,1,0.004783333333333333,77,186,220
43566.5078159722,2166753,5.4,2,2,0.0028222222222222221,3003,2677,2962
43566.5078784722,2166807,5.5,2,3,0.0028611111111111111,3576,3879,3780
43566.5079421296,2166862,36.0,1,3,0.014,26491,27103,26346
43566.5083587963,2167222,3533.0,0,3,1.226736111111111,877449,936436,905218
43566.5492500000,2202552,819.8,1,3,0.31881111111111105,52088,57804,45985
43566.5587384259,2210750,2.8,2,4,0.0018111111111111112,2420,2499,2454
43566.5587708333,2210778,60.9,1,4,0.023683333333333331,12666,13745,12582
43566.5594756944,2211387,2.8,2,5,0.0018111111111111112,819,745,741
43566.5595081019,2211415,209.1,1,5,0.081316666666666648,13467,14921,12279
43566.5619282407,2213506,3.3,2,6,0.0020055555555555556,2599,2384,2624
43566.5619664352,2213539,1.8,2,7,0.0014222222222222221,1644,1773,1824
43566.5619872685,2213557,92.3,1,7,0.035894444444444444,7275,8418,6465
43566.5630555556,2214480,3.2,2,8,0.0019666666666666665,2322,2271,2382
43566.5630925926,2214512,3.7,2,9,0.002161111111111111,3200,3272,3483
43566.5631354167,2214549,565.3,1,9,0.21983888888888883,39189,43882,34907
43566.5696782407,2220202,1754.6,0,9,0.60923611111111109,363586,383442,367564
43566.5899861111,2237748,101.0,1,9,0.039277777777777773,11174,12780,10967
43566.5911550926,2238758,36194.1,0,9,12.567395833333334,36174430,36569577,36704041
43567.0100682870,2600699,7.4,1,9,0.0028777777777777777,371,809,538
43567.0101539352,2600773,4.7,2,10,0.0025500000000000002,867,776,731
43567.0102083333,2600820,63.7,1,10,0.02477222222222222,22930,22669,23692
43567.0109456019,2601457,4.8,2,11,0.0025888888888888884,6550,7139,6781
43567.0110011574,2601505,49.3,1,11,0.019172222222222222,10191,10804,10623
43567.0115717593,2601998,3.3,2,12,0.0020055555555555556,3507,3384,3727
43567.0116099537,2602031,44.2,1,12,0.017188888888888889,23364,24611,24018
43567.0121215278,2602473,5.6,2,13,0.0028999999999999998,7814,8040,8264
43567.0121863426,2602529,28.0,1,13,0.010888888888888887,10954,10974,10887
43567.0125104167,2602809,5.4,2,14,0.0028222222222222221,6927,7275,7565
43567.0125729167,2602863,1.6,2,15,0.0013444444444444445,1997,2078,2104
43567.0125914352,2602879,5.5,2,16,0.0028611111111111111,2670,2733,2738
43567.0126550926,2602934,3.5,2,17,0.0020833333333333333,1955,1754,2047
43567.0126956019,2602969,29.8,1,17,0.011588888888888888,7393,7512,7279
43567.0130405093,2603267,4.1,2,18,0.0023166666666666665,5286,5695,5858
43567.0130879630,2603308,3.4,2,19,0.0020444444444444447,3578,3485,3424
43567.0131273148,2603342,3.8,2,20,0.0021999999999999997,4733,5020,5600
43567.0131712963,2603380,14.5,1,20,0.0056388888888888877,2777,2876,2743
43567.0133391204,2603525,3.7,2,21,0.002161111111111111,1108,929,909
43567.0133819444,2603562,5.7,2,22,0.0029388888888888889,7194,7623,7110
43567.0134479167,2603619,5.1,2,23,0.0027055555555555552,2437,2393,2658
43567.0135069444,2603670,0.3,1,23,0.00011666666666666667,452,472,324
43567.0135104167,2603673,63.5,0,23,0.022048611111111113,78107,80198,80515
43567.0142453704,2604308,24.6,1,23,0.009566666666666666,6563,6774,6922
43567.0145300926,2604554,10.1,0,23,0.0035069444444444445,13212,13358,14383
43567.0146469907,2604655,39.1,1,23,0.015205555555555555,2456,3112,2743
43567.0150995370,2605046,0.9,2,24,0.0010722222222222222,782,751,778
43567.0151099537,2605055,0.3,1,24,0.00011666666666666667,449,566,389
43567.0151134259,2605058,150.0,0,24,0.052083333333333336,162926,167216,168018
43567.0168495370,2606558,36.4,1,24,0.014155555555555553,27914,29461,28620
43567.0172708333,2606922,2.2,2,25,0.0015777777777777782,2049,2142,2294
43567.0172962963,2606944,21.6,1,25,0.0083999999999999995,6149,6344,6706
43567.0175462963,2607160,4.4,2,26,0.0024333333333333334,2990,3055,3102
43567.0175972222,2607204,54.3,1,26,0.021116666666666666,28355,29098,30403
43567.0182256944,2607747,3.7,2,27,0.002161111111111111,5249,5220,5235
43567.0182685185,2607784,3.7,2,28,0.002161111111111111,2754,2307,2439
43567.0183113426,2607821,55.5,1,28,0.021583333333333329,20690,21626,20465
43567.0189537037,2608376,2.2,2,29,0.0015777777777777782,2333,2190,2470
43567.0189791667,2608398,16.5,1,29,0.006416666666666666,12034,12816,13010
43567.0191701389,2608563,2.5,2,30,0.0016944444444444444,2031,2180,2258
43567.0191990741,2608588,3.5,2,31,0.0020833333333333333,1666,1627,1820
43567.0192395833,2608623,7.4,1,31,0.0028777777777777777,10085,9900,10062
43567.0193252315,2608697,12206.4,0,31,4.2383333333333333,12669507,12811911,12839435
43567.1606030093,2730761,18.9,1,31,0.0073499999999999989,6522,6638,6637
43567.1608217593,2730950,12.7,0,31,0.004409722222222222,18975,20548,19746
43567.1609687500,2731077,37.2,1,31,0.014466666666666666,16571,17589,17338
43567.1613993056,2731449,5.7,2,32,0.0029388888888888889,7304,7542,7213
43567.1614652778,2731506,2.8,2,33,0.0018111111111111112,3680,3456,3449
43567.1614976852,2731534,2.1,2,34,0.0015388888888888887,2975,2725,2926
43567.1615219907,2731555,9.9,1,34,0.0038499999999999997,8462,8540,8865
43567.1616365741,2731654,4.3,2,35,0.0023944444444444438,4227,4560,4583
43567.1616863426,2731697,3.9,2,36,0.0022388888888888884,5079,4808,5213
43567.1617314815,2731736,5.8,2,37,0.0029777777777777775,7254,7792,8138
43567.1617986111,2731794,14.4,1,37,0.0055999999999999999,2387,2506,2840
43567.1619652778,2731938,66.3,0,37,0.023020833333333334,83370,85356,84868
43567.1627326389,2732601,33.8,1,37,0.013144444444444443,25838,26750,26575
43567.1631238426,2732939,21.2,0,37,0.0073611111111111108,32014,32336,33413
43567.1633692130,2733151,9.6,1,37,0.0037333333333333333,1210,1076,1104
43567.1634803241,2733247,4.2,2,38,0.0023555555555555556,6300,7100,6846
43567.1635289352,2733289,1.8,2,39,0.0014222222222222221,3005,2660,2788
43567.1635497685,2733307,8.8,1,39,0.0034222222222222223,5679,5397,5754
43567.1636516204,2733395,5.6,2,40,0.0028999999999999998,8230,8951,8808
43567.1637164352,2733451,3.7,2,41,0.002161111111111111,3166,3120,3318
43567.1637592593,2733488,5.5,1,41,0.0021388888888888885,8066,8548,8467
43567.1638229167,2733543,15.5,0,41,0.0053819444444444444,22762,22433,23257
43567.1640023148,2733698,9.8,1,41,0.0038111111111111115,13144,12753,13381
43567.1641157407,2733796,4.3,2,42,0.0023944444444444438,6440,6670,6331
43567.1641655093,2733839,1.6,2,43,0.0013444444444444445,2250,2292,2656
43567.1641840278,2733855,6.6,1,43,0.0025666666666666663,9494,10289,10096
43567.1642604167,2733921,2.0,2,44,0.0015,2924,2734,3176
43567.1642835648,2733941,2.1,2,45,0.0015388888888888887,2850,2805,2854
43567.1643078704,2733962,7.7,1,45,0.0029944444444444441,9812,10157,10031
43567.1643969907,2734039,2.2,2,46,0.0015777777777777782,3052,2971,2928
43567.1644224537,2734061,0.3,1,46,0.00011666666666666667,416,566,495
43567.1644259259,2734064,14.0,0,46,0.0048611111111111112,20597,21314,22007
43567.1645879630,2734204,19.4,1,46,0.0075444444444444439,22513,23614,23866
43567.1648125000,2734398,3.6,2,47,0.0021222222222222224,3500,3387,3718
43567.1648541667,2734434,10.2,1,47,0.0039666666666666661,8216,8161,7765
43567.1649722222,2734536,5.4,2,48,0.0028222222222222221,7890,8446,7814
43567.1650347222,2734590,12.2,1,48,0.0047444444444444444,7396,7361,7699
43567.1651759259,2734712,2.5,2,49,0.0016944444444444444,2524,2151,2343
43567.1652048611,2734737,14.0,1,49,0.0054444444444444436,2124,2249,2412
43567.1653668981,2734877,5.4,2,50,0.0028222222222222221,3414,3083,3227
43567.1654293981,2734931,52.7,1,50,0.020494444444444444,30528,31525,31872
43567.1660393519,2735458,4.8,2,51,0.0025888888888888884,6660,7198,7039
43567.1660949074,2735506,3.5,2,52,0.0020833333333333333,3899,4037,3944
43567.1661354167,2735541,2.7,2,53,0.0017722222222222223,3023,2754,2864
43567.1661666667,2735568,7.9,1,53,0.0030722222222222223,4732,5086,5034
43567.1662581019,2735647,3.6,2,54,0.0021222222222222224,5152,5250,5046
43567.1662997685,2735683,44.2,1,54,0.017188888888888889,43409,44679,42970
43567.1668113426,2736125,93.9,0,54,0.032604166666666663,117346,120167,119783
43567.1678981481,2737064,50.1,1,54,0.019483333333333335,45801,47261,47561
43567.1684780093,2737565,5.7,2,55,0.0029388888888888889,1994,1875,1749
43567.1685439815,2737622,18.1,1,55,0.0070388888888888888,20701,21142,21553
43567.1687534722,2737803,4.4,2,56,0.0024333333333333334,2041,1923,2228
43567.1688043981,2737847,25.6,1,56,0.0099555555555555543,4123,4171,4718
43567.1691006944,2738103,1.7,2,57,0.0013833333333333334,2405,2501,2506
43567.1691203704,2738120,2.7,2,58,0.0017722222222222223,3747,3939,3670
43567.1691516204,2738147,4.2,2,59,0.0023555555555555556,5327,5668,5694
43567.1692002315,2738189,11.8,1,59,0.0045888888888888889,4877,5085,5191
43567.1693368056,2738307,3.5,2,60,0.0020833333333333333,4601,5055,4525
43567.1693773148,2738342,9.8,1,60,0.0038111111111111115,12818,13169,13082
43567.1694907407,2738440,2.0,2,61,0.0015,2654,2691,3106
43567.1695138889,2738460,1.8,2,62,0.0014222222222222221,2616,2464,2700
43567.1695347222,2738478,1.6,2,63,0.0013444444444444445,2230,2431,2524
43567.1695532407,2738494,3.7,2,64,0.002161111111111111,4880,4857,4749
43567.1695960648,2738531,1.5,2,65,0.0013055555555555557,1954,2157,2165
43567.1696134259,2738546,1.8,2,66,0.0014222222222222221,2408,2561,2806
43567.1696342593,2738564,3.5,2,67,0.0020833333333333333,4687,4769,4444
43567.1696747685,2738599,21.5,1,67,0.0083611111111111108,12370,12490,12394
43567.1699236111,2738814,5.4,2,68,0.0028222222222222221,5882,6558,6159
43567.1699861111,2738868,23.0,1,68,0.0089444444444444441,11851,12159,12864
43567.1702523148,2739098,3.4,2,69,0.0020444444444444447,2607,2883,2863
43567.1702916667,2739132,17.6,1,69,0.0068444444444444447,19548,20457,19991
43567.1704953704,2739308,3.0,2,70,0.001888888888888889,2774,2590,2634
43567.1705300926,2739338,27.4,1,70,0.010655555555555554,30740,30648,30595
43567.1708472222,2739612,10.4,0,70,0.0036111111111111109,15747,16094,16221
43567.1709675926,2739716,25.3,1,70,0.0098388888888888901,12343,12300,12364
43567.1712604167,2739969,118.7,0,70,0.041215277777777781,157152,159899,159277
43567.1726342593,2741156,10.0,1,70,0.0038888888888888888,1040,1095,1031
43567.1727500000,2741256,3.7,2,71,0.002161111111111111,4579,4578,4537
43567.1727928241,2741293,0.3,1,71,0.00011666666666666667,489,490,447
43567.1727962963,2741296,20.6,0,71,0.0071527777777777779,26711,28413,27130
43567.1730347222,2741502,13.1,1,71,0.005094444444444444,674,719,929
43567.1731863426,2741633,5.5,2,72,0.0028611111111111111,7915,7746,8351
43567.1732500000,2741688,1.8,2,73,0.0014222222222222221,2177,2438,2688
43567.1732708333,2741706,1.8,2,74,0.0014222222222222221,2443,2346,2512
43567.1732916667,2741724,2.5,2,75,0.0016944444444444444,2214,2144,2346
43567.1733206019,2741749,2.0,2,76,0.0015,2655,2570,2464
43567.1733437500,2741769,3.5,2,77,0.0020833333333333333,4750,4998,5366
43567.1733842593,2741804,1.6,2,78,0.0013444444444444445,2256,2300,2514
43567.1734027778,2741820,1.6,2,79,0.0013444444444444445,2062,2048,2434
43567.1734212963,2741836,2.3,2,80,0.0016166666666666664,2420,2293,2697
43567.1734479167,2741859,14.6,1,80,0.0056777777777777773,2636,2774,2919
43567.1736168982,2742005,47.2,0,80,0.01638888888888889,56276,56276,57071
43567.1741631944,2742477,15.9,1,80,0.0061833333333333323,9334,9481,9608
43567.1743472222,2742636,24.2,0,80,0.0084027777777777781,32747,34370,33857
43567.1746273148,2742878,12.8,1,80,0.0049777777777777771,884,960,1181
43567.1747754630,2743006,97.3,0,80,0.033784722222222223,133943,136737,136008
43567.1759016204,2743979,11.3,1,80,0.0043944444444444447,15890,16535,16277
43567.1760324074,2744092,4.4,2,81,0.0024333333333333334,2822,2805,3009
43567.1760833333,2744136,10.6,1,81,0.0041222222222222216,12394,12113,11836
43567.1762060185,2744242,12.8,0,81,0.0044444444444444444,18885,19035,18795
43567.1763541667,2744370,24.3,1,81,0.0094499999999999983,36524,36157,36549
43567.1766354167,2744613,1.4,2,82,0.0012666666666666666,2041,2188,2106
43567.1766516204,2744627,2.0,2,83,0.0015,2812,3026,3220
43567.1766747685,2744647,2.2,2,84,0.0015777777777777782,3215,3162,3323
43567.1767002315,2744669,4.8,2,85,0.0025888888888888884,6869,7044,7292
43567.1767557870,2744717,4.9,2,86,0.0026277777777777775,5700,6058,6061
43567.1768125000,2744766,8.3,1,86,0.0032277777777777782,12673,12449,12735
43567.1769085648,2744849,2.2,2,87,0.0015777777777777782,2975,3172,3425
43567.1769340278,2744871,7.4,1,87,0.0028777777777777777,10788,11511,11164
43567.1770196759,2744945,4.1,2,88,0.0023166666666666665,2400,2324,2597
43567.1770671296,2744986,1.9,2,89,0.0014611111111111112,2686,2480,2681
43567.1770891204,2745005,5.8,2,90,0.0029777777777777775,6592,6497,7191
43567.1771562500,2745063,4.9,2,91,0.0026277777777777775,2345,2271,2035
43567.1772129630,2745112,5.6,2,92,0.0028999999999999998,7576,7761,7811
43567.1772777778,2745168,3.8,1,92,0.0014777777777777775,5612,5523,5690
43567.1773217593,2745206,89.6,0,92,0.03111111111111111,124274,123602,126935
43567.1783587963,2746102,13.2,1,92,0.0051333333333333326,18069,18624,17824
43567.1785115741,2746234,9356.5,0,92,3.2487847222222221,10106269,10203345,10227817
43567.2868043982,2839799,69.8,1,92,0.02714444444444444,12059,13250,12799
43567.2876122685,2840497,5.1,2,93,0.0027055555555555552,2649,2460,2757
43567.2876712963,2840548,25.6,1,93,0.0099555555555555543,3975,3998,4369
43567.2879675926,2840804,2.9,2,94,0.0018499999999999999,916,768,825
43567.2880011574,2840833,10.2,1,94,0.0039666666666666661,2737,2987,2990
43567.2881192130,2840935,5.1,2,95,0.0027055555555555552,6937,7087,6911
43567.2881782407,2840986,2.2,2,96,0.0015777777777777782,2788,3273,3436
43567.2882037037,2841008,1.8,2,97,0.0014222222222222221,2430,2783,2378
43567.2882245370,2841026,1.6,2,98,0.0013444444444444445,2394,2454,2164
43567.2882430556,2841042,22.0,1,98,0.0085555555555555541,13696,13917,13426
43567.2884976852,2841262,1.6,2,99,0.0013444444444444445,2106,2103,2386
43567.2885162037,2841278,8.2,1,99,0.0031888888888888887,2804,2772,3244
43567.2886111111,2841360,5.2,2,100,0.0027444444444444448,4589,4673,4835
43567.2886712963,2841412,156.2,1,100,0.060744444444444441,50977,51402,51093
43567.2904791667,2842974,2.9,2,101,0.0018499999999999999,2966,3005,2909
43567.2905127315,2843003,24.7,1,101,0.0096055555555555547,11728,12392,12504
43567.2907986111,2843250,5.2,2,102,0.0027444444444444448,7028,7337,7432
43567.2908587963,2843302,2.4,2,103,0.0016555555555555555,2437,2437,2537
43567.2908865741,2843326,3.7,2,104,0.002161111111111111,1668,1867,1946
43567.2909293982,2843363,100.7,1,104,0.039161111111111105,30593,30657,31023
43567.2920949074,2844370,4.8,2,105,0.0025888888888888884,6644,6736,6483
43567.2921504630,2844418,1.8,2,106,0.0014222222222222221,2474,2878,2772
43567.2921712963,2844436,1.6,2,107,0.0013444444444444445,2180,2474,2331
43567.2921898148,2844452,38.3,1,107,0.014894444444444441,4863,4773,4851
43567.2926331019,2844835,5.0,2,108,0.0026666666666666666,2005,2208,2188
43567.2926909722,2844885,3.0,2,109,0.001888888888888889,2293,2440,2313
43567.2927256944,2844915,89.4,1,109,0.034766666666666668,32275,34290,35018
43567.2937604167,2845809,5.4,2,110,0.0028222222222222221,7266,7201,7502
43567.2938229167,2845863,2.2,2,111,0.0015777777777777782,2710,2758,3135
43567.2938483796,2845885,2.0,2,112,0.0015,2710,2540,2958
43567.2938715278,2845905,50.8,1,112,0.019755555555555554,27150,27805,27507
43567.2944594907,2846413,3.5,2,113,0.0020833333333333333,3583,3565,4172
43567.2945000000,2846448,2.4,2,114,0.0016555555555555555,3096,3049,3116
43567.2945277778,2846472,4.8,2,115,0.0025888888888888884,5593,5111,5423
43567.2945833333,2846520,5.5,2,116,0.0028611111111111111,4381,4703,4444
43567.2946469907,2846575,27.2,1,116,0.010577777777777778,35054,34650,35638
43567.2949618056,2846847,1035.5,0,116,0.35954861111111114,517752,526181,524508
43567.3069467593,2857202,614.9,1,116,0.23912777777777774,40537,50226,44067
43567.3140636574,2863351,3.7,2,117,0.002161111111111111,1020,834,843
43567.3141064815,2863388,860.6,1,117,0.33467777777777774,52418,65544,57471
43567.3240671296,2871994,2233.9,0,117,0.77565972222222224,197066,222245,198047
43567.3499224537,2894333,164.7,1,117,0.064049999999999982,13653,16405,15137
43567.3518287037,2895980,1522.5,0,117,0.52864583333333337,233389,254465,231194
43567.3694502315,2911205,129.6,1,117,0.050399999999999993,6695,7940,6189
43567.3709502315,2912501,1.6,2,118,0.0013444444444444445,845,694,612
43567.3709687500,2912517,1514.1,1,118,0.58881666666666665,121577,139123,112949
43567.3884930556,2927658,259.8,0,118,0.090208333333333335,63931,65777,64004
43567.3915000000,2930256,214.1,1,118,0.083261111111111091,18506,21819,17365
43567.3939780093,2932397,443.7,0,118,0.15406249999999999,52958,57161,52795
43567.3991134259,2936834,83.1,1,118,0.03231666666666666,8773,10392,8823
43567.4000752315,2937665,241.7,0,118,0.083923611111111115,35336,36832,35943
43567.4028726852,2940082,507.4,1,118,0.1973222222222222,31394,35806,27674
43567.4087453704,2945156,3.3,2,119,0.0020055555555555556,2320,2143,2096
43567.4087835648,2945189,3.0,2,120,0.001888888888888889,1403,1707,1509
43567.4088182870,2945219,6.5,1,120,0.0025277777777777777,3838,3919,3682
43567.4088935185,2945284,679.9,0,120,0.23607638888888888,111780,121224,113293
43567.4167627315,2952083,352.8,1,120,0.13719999999999999,24318,29231,21719
43567.4208460648,2955611,150.0,0,120,0.052083333333333336,72558,76317,73553
43567.4225821759,2957111,25.8,1,120,0.010033333333333333,1090,1651,1182
43567.4228807870,2957369,2.3,2,121,0.0016166666666666664,2127,2259,2175
43567.4229074074,2957392,162.5,1,121,0.063194444444444442,15986,18531,15457
43567.4247881944,2959017,3.4,2,122,0.0020444444444444447,1071,960,749
43567.4248275463,2959051,40.5,1,122,0.01575,3676,4410,3819
43567.4252962963,2959456,7347.5,0,122,2.5512152777777777,7602473,7663658,7687274
43567.5103368056,3032931,12.6,1,122,0.004899999999999999,485,602,576
43567.5104826389,3033057,7185.9,0,122,2.4951041666666667,7654914,7694244,7707974
43567.5936527778,3104916,12.8,1,122,0.0049777777777777771,280,639,404
43567.5938009259,3105044,3.2,2,123,0.0019666666666666665,698,605,649
43567.5938379630,3105076,26.1,1,123,0.010149999999999999,3641,4230,3805
43567.5941400463,3105337,4934.0,0,123,1.7131944444444445,5003332,5051437,5063424
43567.6512465278,3154677,74.7,1,123,0.029049999999999999,5914,6837,5595
43567.6521111111,3155424,18117.4,0,123,6.2907638888888888,19057623,19217994,19273550
43567.8618032407,3336598,125.3,1,123,0.048727777777777773,20142,22253,21911
43567.8632534722,3337851,3.3,2,124,0.0020055555555555556,3391,3318,3477
43567.8632916667,3337884,29.4,1,124,0.011433333333333332,19291,19586,19632
43567.8636319444,3338178,10.6,0,124,0.0036805555555555554,14375,15123,14518
43567.8637546296,3338284,13.6,1,124,0.005288888888888889,1328,1154,1544
43567.8639120370,3338420,12.6,0,124,0.0043750000000000004,17300,17664,17870
43567.8640578704,3338546,17.3,1,124,0.0067277777777777778,7510,7352,7252
43567.8642581019,3338719,5.7,2,125,0.0029388888888888889,2205,2327,2396
43567.8643240741,3338776,4.9,2,126,0.0026277777777777775,1917,1964,2109
43567.8643807870,3338825,17.7,1,126,0.0068833333333333325,12469,12873,12928
43567.8645856481,3339002,1.7,2,127,0.0013833333333333334,2306,2965,2512
43567.8646053241,3339019,53.1,1,127,0.020650000000000002,13505,13716,14198
43567.8652199074,3339550,3.5,2,128,0.0020833333333333333,3007,2797,3243
43567.8652604167,3339585,5.2,2,129,0.0027444444444444448,6959,7169,7150
43567.8653206018,3339637,0.3,1,129,0.00011666666666666667,510,589,357
43567.8653240741,3339640,44.0,0,129,0.015277777777777777,56611,58053,58105
43567.8658333333,3340080,112.1,1,129,0.043594444444444436,29778,30449,30910
43567.8671307870,3341201,5.7,2,130,0.0029388888888888889,6660,6422,6656
43567.8671967593,3341258,11.5,1,130,0.0044722222222222221,4241,3941,4668
43567.8673298611,3341373,5.5,2,131,0.0028611111111111111,6559,6980,7270
43567.8673935185,3341428,48.7,1,131,0.018938888888888887,11795,11955,12160
43567.8679571759,3341915,4254.0,0,131,1.4770833333333333,4378389,4390632,4398933
43567.9171932870,3384455,55.8,1,131,0.021699999999999997,11772,12797,12979
43567.9178391204,3385013,4.4,2,132,0.0024333333333333334,6240,6159,6338
43567.9178900463,3385057,149.4,1,132,0.058099999999999999,83298,84346,84285
43567.9196192130,3386551,11.4,0,132,0.0039583333333333337,14866,15568,15818
43567.9197511574,3386665,13.4,1,132,0.0052111111111111108,1064,961,1496
43567.9199062500,3386799,10.3,0,132,0.0035763888888888889,13837,14436,14352
43567.9200254630,3386902,209.4,1,132,0.08143333333333333,64501,67306,67506
43567.9224490741,3388996,1600.3,0,132,0.55565972222222226,1647405,1654411,1660412
43567.9409710648,3404999,10.9,1,132,0.0042388888888888893,243,575,460
43567.9410972222,3405108,2.8,2,133,0.0018111111111111112,963,845,884
43567.9411296296,3405136,67.7,1,133,0.02632777777777778,7661,8592,8122
43567.9419131944,3405813,2.9,2,134,0.0018499999999999999,3294,3666,3428
43567.9419467593,3405842,14.4,1,134,0.0055999999999999999,2788,3106,2613
43567.9421134259,3405986,26.3,0,134,0.0091319444444444443,35039,36342,36144
43567.9424178241,3406249,34.9,1,134,0.01357222222222222,3713,4289,3956
43567.9428217593,3406598,2.9,2,135,0.0018499999999999999,2640,2765,2530
43567.9428553241,3406627,3.7,2,136,0.002161111111111111,4902,4610,4515
43567.9428981481,3406664,34.9,1,136,0.01357222222222222,11336,11699,12021
43567.9433020833,3407013,2.0,2,137,0.0015,2413,2085,2518
43567.9433252315,3407033,9.4,1,137,0.0036555555555555556,7531,7274,7813
43567.9434340278,3407127,4.2,2,138,0.0023555555555555556,5660,5721,6109
43567.9434826389,3407169,16.6,1,138,0.0064555555555555564,5505,5978,5890
43567.9436747685,3407335,13.5,0,138,0.0046874999999999998,18976,18215,18660
43567.9438310185,3407470,6.4,1,138,0.0024888888888888886,885,647,790
43567.9439050926,3407534,3.0,2,139,0.001888888888888889,1930,2010,2305
43567.9439398148,3407564,5.2,2,140,0.0027444444444444448,4553,4647,5115
43567.9440000000,3407616,56.9,1,140,0.022127777777777777,9532,10680,10362
43567.9446585648,3408185,40.5,0,140,0.0140625,40759,41074,40181
43567.9451273148,3408590,13.2,1,140,0.0051333333333333326,1005,1244,1079
43567.9452800926,3408722,5.9,2,141,0.0030166666666666666,5019,5139,5622
43567.9453483796,3408781,104.5,1,141,0.040638888888888884,27648,28828,28664
43567.9465578704,3409826,4.6,2,142,0.0025111111111111107,1145,923,795
43567.9466111111,3409872,148.6,1,142,0.05778888888888889,37249,40071,38609
43567.9483310185,3411358,4.5,2,143,0.0024722222222222224,4946,4918,4664
43567.9483831019,3411403,36.2,1,143,0.014077777777777778,11520,11896,12087
43567.9488020833,3411765,3.9,2,144,0.0022388888888888884,5050,5049,5180
43567.9488472222,3411804,2.6,2,145,0.0017333333333333335,2940,3133,3400
43567.9488773148,3411830,8.7,1,145,0.0033833333333333328,11110,12035,11224
43567.9489780093,3411917,10.5,0,145,0.0036458333333333334,15283,15308,15459
43567.9490995370,3412022,26.2,1,145,0.010188888888888888,1631,1749,1663
43567.9494027778,3412284,20.7,0,145,0.0071875000000000003,27402,27486,28095
43567.9496423611,3412491,11.1,1,145,0.0043166666666666666,10651,10984,11440
43567.9497708333,3412602,5.7,2,146,0.0029388888888888889,7331,7263,7207
43567.9498368056,3412659,2.4,2,147,0.0016555555555555555,3250,3134,3440
43567.9498645833,3412683,3.5,2,148,0.0020833333333333333,4412,4537,4754
43567.9499050926,3412718,3.6,2,149,0.0021222222222222224,2213,2221,2588
43567.9499467593,3412754,24.4,1,149,0.0094888888888888887,20841,22727,22270
43567.9502291667,3412998,5.7,2,150,0.0029388888888888889,2118,2090,1938
43567.9502951389,3413055,6.6,1,150,0.0025666666666666663,1779,1837,1843
43567.9503715278,3413121,3.2,2,151,0.0019666666666666665,3895,3737,4069
43567.9504085648,3413153,3.8,2,152,0.0021999999999999997,4567,4482,4607
43567.9504525463,3413191,27.7,1,152,0.010772222222222221,5537,5525,5341
43567.9507731481,3413468,4.4,2,153,0.0024333333333333334,5101,5047,5747
43567.9508240741,3413512,82.8,1,153,0.032199999999999999,33439,34346,33265
43567.9517824074,3414340,55.0,0,153,0.019097222222222224,69961,70361,72533
43567.9524189815,3414890,51.3,1,153,0.019949999999999999,25113,25113,24917
43567.9530127315,3415403,3.1,2,154,0.0019277777777777778,3373,3714,3368
43567.9530486111,3415434,169.3,1,154,0.065838888888888891,27657,30313,29478
43567.9550081019,3417127,4.5,2,155,0.0024722222222222224,6466,6872,7096
43567.9550601852,3417172,1.6,2,156,0.0013444444444444445,2244,2323,2607
43567.9550787037,3417188,1.6,2,157,0.0013444444444444445,2334,2511,2517
43567.9550972222,3417204,27.2,1,157,0.010577777777777778,3076,3345,3414
43567.9554120370,3417476,3.7,2,158,0.002161111111111111,1141,1061,881
43567.9554548611,3417513,14.1,1,158,0.0054833333333333331,7338,7476,7206
43567.9556180556,3417654,5.0,2,159,0.0026666666666666666,2608,2832,2599
43567.9556759259,3417704,36.2,1,159,0.014077777777777778,19177,19913,19565
43567.9560949074,3418066,5.3,2,160,0.0027833333333333334,7724,7598,7562
43567.9561562500,3418119,14.8,1,160,0.0057555555555555554,3525,3101,3302
43567.9563275463,3418267,71.1,0,160,0.024687500000000001,99228,101984,101571
43567.9571504630,3418978,20.5,1,160,0.0079722222222222226,29304,29560,29351
43567.9573877315,3419183,68.7,0,160,0.023854166666666666,88689,89735,90756
43567.9581828704,3419870,95.2,1,160,0.03702222222222222,41544,42862,42088
43567.9592847222,3420822,42.5,0,160,0.014756944444444444,39303,39554,39744
43567.9597766204,3421247,47.2,1,160,0.018355555555555556,5847,6308,6326
43567.9603229167,3421719,10.3,0,160,0.0035763888888888889,13960,15133,15087
43567.9604421296,3421822,37.7,1,160,0.014661111111111111,17389,17906,18316
43567.9608784722,3422199,3.0,2,161,0.001888888888888889,2357,2309,2300
43567.9609131944,3422229,54.9,1,161,0.021350000000000001,32192,32802,32396
43567.9615486111,3422778,4.0,2,162,0.0022777777777777774,4745,5164,4862
43567.9615949074,3422818,1.9,2,163,0.0014611111111111112,2423,2177,2338
43567.9616168981,3422837,14.3,1,163,0.0055611111111111113,2515,2620,2566
43567.9617824074,3422980,2.2,2,164,0.0015777777777777782,2545,2569,2859
43567.9618078704,3423002,48.7,1,164,0.018938888888888887,24070,24216,23959
43567.9623715278,3423489,3.7,2,165,0.002161111111111111,4691,4848,4893
43567.9624143519,3423526,16.7,1,165,0.0064944444444444442,8593,8173,8587
43567.9626076389,3423693,25.7,0,165,0.0089236111111111113,29288,30225,29856
43567.9629050926,3423950,39.6,1,165,0.015399999999999999,3910,3751,4425
43567.9633634259,3424346,2.4,2,166,0.0016555555555555555,3273,2793,2999
43567.9633912037,3424370,31.4,1,166,0.01221111111111111,12143,12601,12975
43567.9637546296,3424684,4.5,2,167,0.0024722222222222224,5930,5972,5888
43567.9638067130,3424729,13.7,1,167,0.0053277777777777768,2519,2396,2616
43567.9639652778,3424866,2.7,2,168,0.0017722222222222223,2455,2413,2368
43567.9639965278,3424893,100.8,1,168,0.039199999999999992,28156,29319,29511
43567.9651631944,3425901,4.6,2,169,0.0025111111111111107,939,888,744
43567.9652164352,3425947,7.2,1,169,0.0028,10351,10986,11014
43567.9652997685,3426019,3.1,2,170,0.0019277777777777778,2569,2434,2772
43567.9653356482,3426050,79.3,1,170,0.030838888888888888,22704,23456,23811
43567.9662534722,3426843,2.3,2,171,0.0016166666666666664,2355,2188,2492
43567.9662800926,3426866,32.7,1,171,0.012716666666666668,11332,12474,11817
43567.9666585648,3427193,2.6,2,172,0.0017333333333333335,804,720,819
43567.9666886574,3427219,8.2,1,172,0.0031888888888888887,7088,7411,6876
43567.9667835648,3427301,4.7,2,173,0.0025500000000000002,6570,6873,6825
43567.9668379630,3427348,2.4,2,174,0.0016555555555555555,3292,3129,2945
43567.9668657407,3427372,8.9,1,174,0.003461111111111111,2807,2747,2515
43567.9669687500,3427461,5.8,2,175,0.0029777777777777775,8905,9192,9486
43567.9670358796,3427519,48.2,1,175,0.018744444444444446,12630,12698,13046
43567.9675937500,3428001,4.9,2,176,0.0026277777777777775,5120,5119,5006
43567.9676504630,3428050,14.2,1,176,0.0055222222222222218,2244,2736,2828
43567.9678148148,3428192,5.5,2,177,0.0028611111111111111,5849,5990,5632
43567.9678784722,3428247,15.7,1,177,0.006105555555555555,4738,4981,4814
43567.9680601852,3428404,5.1,2,178,0.0027055555555555552,7629,7928,7410
43567.9681192130,3428455,8.6,1,178,0.0033444444444444442,2676,2619,2403
43567.9682187500,3428541,5.2,2,179,0.0027444444444444448,5256,5012,5391
43567.9682789352,3428593,14.1,1,179,0.0054833333333333331,2157,1982,2605
43567.9684421296,3428734,4.6,2,180,0.0025111111111111107,5961,6046,6122
43567.9684953704,3428780,5.0,2,181,0.0026666666666666666,6551,6581,7090
43567.9685532407,3428830,61.4,1,181,0.023877777777777776,34541,35778,34605
43567.9692638889,3429444,4.9,2,182,0.0026277777777777775,3144,3173,3146
43567.9693206018,3429493,2.0,2,183,0.0015,2244,2237,2226
43567.9693437500,3429513,3.2,2,184,0.0019666666666666665,2324,2422,2322
43567.9693807870,3429545,4.5,2,185,0.0024722222222222224,6756,6938,6894
43567.9694328704,3429590,2.5,2,186,0.0016944444444444444,2693,2814,2859
43567.9694618056,3429615,14.6,1,186,0.0056777777777777773,2986,3302,3349
43567.9696307870,3429761,75.4,0,186,0.026180555555555554,85147,85828,86848
43567.9705034722,3430515,11.9,1,186,0.0046277777777777775,13812,13982,14308
43567.9706412037,3430634,2.4,2,187,0.0016555555555555555,3466,3296,3565
43567.9706689815,3430658,18.8,1,187,0.0073111111111111111,8779,9348,9020
43567.9708865741,3430846,11.2,0,187,0.0038888888888888888,15681,16387,15486
43567.9710162037,3430958,20.9,1,187,0.0081277777777777754,14621,15390,16045
43567.9712581019,3431167,865.4,0,187,0.30048611111111112,835280,846176,848084
43567.9812743056,3439821,49.9,1,187,0.019405555555555554,20545,21840,21305
43567.9818518519,3440320,2.0,2,188,0.0015,3050,2939,2751
43567.9818750000,3440340,16.4,1,188,0.0063777777777777774,5628,5657,5486
43567.9820648148,3440504,2.6,2,189,0.0017333333333333335,2264,2069,2536
43567.9820949074,3440530,2.1,2,190,0.0015388888888888887,2975,2576,3001
43567.9821192130,3440551,3.4,2,191,0.0020444444444444447,2880,2768,2497
43567.9821585648,3440585,27.1,1,191,0.010538888888888888,6267,6884,6602
43567.9824722222,3440856,1.8,2,192,0.0014222222222222221,729,606,615
43567.9824930556,3440874,40.7,1,192,0.015827777777777777,12034,12948,12358
43567.9829641204,3441281,1.8,2,193,0.0014222222222222221,734,667,702
43567.9829849537,3441299,3.7,2,194,0.002161111111111111,2970,2677,2684
43567.9830277778,3441336,68.5,1,194,0.026638888888888886,30118,30717,30837
43567.9838206019,3442021,5.7,2,195,0.0029388888888888889,4886,4946,4979
43567.9838865741,3442078,26.5,1,195,0.010305555555555554,18579,19818,18427
43567.9841932870,3442343,5.5,2,196,0.0028611111111111111,7520,7658,7334
43567.9842569444,3442398,21.6,1,196,0.0083999999999999995,12290,12727,12538
43567.9845069444,3442614,84.1,0,196,0.029201388888888888,91651,92870,94209
43567.9854803241,3443455,13.8,1,196,0.0053666666666666672,17687,17654,17954
43567.9856400463,3443593,1.8,2,197,0.0014222222222222221,2238,2568,2590
43567.9856608796,3443611,1.8,2,198,0.0014222222222222221,2596,2430,2816
43567.9856817130,3443629,16.3,1,198,0.0063388888888888887,11426,10818,10899
43567.9858703704,3443792,2.0,2,199,0.0015,2595,2596,2720
43567.9858935185,3443812,3.6,2,200,0.0021222222222222224,4749,5276,5276
43567.9859351852,3443848,14.6,1,200,0.0056777777777777773,2964,3245,3240
43567.9861041667,3443994,92.8,0,200,0.032222222222222222,110252,114475,115386
43567.9871782407,3444922,18.4,1,200,0.0071555555555555548,5704,5724,5764
43567.9873912037,3445106,67.2,0,200,0.023333333333333334,91121,92768,92772
43567.9881689815,3445778,22.1,1,200,0.0085944444444444445,29694,29556,30403
43567.9884247685,3445999,7468.6,0,200,2.593263888888889,6027132,6113544,6133037
43568.0748668981,3520685,879.3,1,200,0.34194999999999992,59404,70295,64682
43568.0850439815,3529478,2.8,2,201,0.0018111111111111112,2788,2876,2688
43568.0850763889,3529506,119.7,1,201,0.046549999999999994,10268,12272,11094
43568.0864618056,3530703,15.3,0,201,0.0053125000000000004,21735,22346,22815
43568.0866388889,3530856,24.0,1,201,0.0093333333333333324,28856,27942,28711
43568.0869166667,3531096,2.4,2,202,0.0016555555555555555,3432,3525,3812
43568.0869444444,3531120,2.7,2,203,0.0017722222222222223,4128,4322,4348
43568.0869756944,3531147,2.9,2,204,0.0018499999999999999,3124,3303,3287
43568.0870092593,3531176,1.5,2,205,0.0013055555555555557,1960,1940,2184
43568.0870266204,3531191,2.0,1,205,0.00077777777777777773,3103,3223,3112
43568.0870497685,3531211,1554.1,0,205,0.53961805555555553,164319,190150,164809
43568.1050370370,3546752,195.9,1,205,0.076183333333333325,12573,15043,11124
43568.1073043981,3548711,726.3,0,205,0.25218750000000001,110980,120167,113686
43568.1157106481,3555974,536.7,1,205,0.20871666666666666,34397,38501,31084
43568.1219224537,3561341,604.8,0,205,0.20999999999999999,114770,124365,117650
43568.1289224537,3567389,130.4,1,205,0.05071111111111111,8566,10327,7659
43568.1304317130,3568693,10.2,0,205,0.0035416666666666665,10298,10106,11113
43568.1305497685,3568795,260.2,1,205,0.10118888888888888,15848,18898,14211
43568.1335613426,3571397,10.1,0,205,0.0035069444444444445,11092,10759,10735
43568.1336782407,3571498,356.6,1,205,0.13867777777777779,32320,36881,30392
43568.1378055556,3575064,12891.4,0,205,4.4761805555555556,10906239,11045070,11044068
43568.2870115741,3703978,10.4,1,205,0.0040444444444444443,1175,1368,1308
43568.2871319444,3704082,91.1,0,205,0.031631944444444442,100486,100771,102340
43568.2881863426,3704993,7.0,1,205,0.0027222222222222218,377,434,235
43568.2882673611,3705063,4.7,2,206,0.0025500000000000002,1090,1518,1583
43568.2883217593,3705110,4.9,2,207,0.0026277777777777775,3708,3737,3766
43568.2883784722,3705159,3.8,2,208,0.0021999999999999997,2795,2876,3030
43568.2884224537,3705197,11.0,1,208,0.004277777777777777,8576,8838,8959
43568.2885497685,3705307,4274.3,0,208,1.4841319444444445,4345250,4370400,4391489
43568.3380208333,3748050,13.5,1,208,0.0052499999999999995,1727,2138,2040
43568.3381770833,3748185,40.5,0,208,0.0140625,38696,39576,39356
43568.3386458333,3748590,580.9,1,208,0.22590555555555553,55743,65050,59038
43568.3453692130,3754399,2.6,2,209,0.0017333333333333335,2794,3285,3007
43568.3453993056,3754425,4.1,1,209,0.0015944444444444443,4993,4851,5102
43568.3454467593,3754466,12.2,0,209,0.0042361111111111115,17616,18628,17718
43568.3455879630,3754588,1303.3,1,209,0.50683888888888884,91506,107536,96626
43568.3606724537,3767621,11.8,0,209,0.0040972222222222226,16145,17255,16841
43568.3608090278,3767739,874.4,1,209,0.34004444444444443,80321,96714,84425
43568.3709293981,3776483,2739.2,0,209,0.95111111111111113,3046757,3063028,3074917
43568.4026331019,3803875,13.1,1,209,0.005094444444444444,915,1072,1068
43568.4027847222,3804006,2.1,2,210,0.0015388888888888887,2289,2152,2320
43568.4028090278,3804027,4.5,2,211,0.0024722222222222224,6786,6868,7180
43568.4028611111,3804072,1.6,2,212,0.0013444444444444445,2266,2681,2682
43568.4028796296,3804088,43.2,1,212,0.016799999999999999,35564,35542,36016
43568.4033796296,3804520,3.7,2,213,0.002161111111111111,4683,4815,4350
43568.4034224537,3804557,4.5,2,214,0.0024722222222222224,5085,4863,5113
43568.4034745370,3804602,0.3,1,214,0.00011666666666666667,386,512,419
43568.4034780093,3804605,13.4,0,214,0.0046527777777777774,15938,16054,16748
43568.4036331019,3804739,27.0,1,214,0.010499999999999999,18034,18349,18680
43568.4039456019,3805009,5.8,2,215,0.0029777777777777775,8556,8483,8830
43568.4040127315,3805067,27.6,1,215,0.010733333333333334,18019,18202,18714
43568.4043321759,3805343,26.2,0,215,0.0090972222222222218,31605,33371,32991
43568.4046354167,3805605,42.6,1,215,0.016566666666666667,22753,22922,22689
43568.4051284722,3806031,30.9,0,215,0.010729166666666666,29254,29710,29136
43568.4054861111,3806340,12.2,1,215,0.0047444444444444444,15730,16801,15460
43568.4056273148,3806462,19.7,0,215,0.0068402777777777776,22882,22966,23634
43568.4058553241,3806659,15.5,1,215,0.0060277777777777777,2672,2403,2635
43568.4060347222,3806814,5.4,2,216,0.0028222222222222221,6255,6883,6606
43568.4060972222,3806868,2.2,2,217,0.0015777777777777782,2656,2648,2846
43568.4061226852,3806890,3.6,2,218,0.0021222222222222224,4297,4438,4404
43568.4061643519,3806926,5.7,2,219,0.0029388888888888889,1924,1798,1955
43568.4062303241,3806983,0.3,1,219,0.00011666666666666667,403,490,363
43568.4062337963,3806986,40.8,0,219,0.014166666666666666,50471,50772,51554
43568.4067060185,3807394,2.2,1,219,0.00085555555555555558,777,777,854
43568.4067314815,3807416,4.6,2,220,0.0025111111111111107,2227,2107,2212
43568.4067847222,3807462,7.4,1,220,0.0028777777777777777,6779,6633,6545
43568.4068703704,3807536,44.0,0,220,0.015277777777777777,48556,50671,48532
43568.4073796296,3807976,13.2,1,220,0.0051333333333333326,728,880,1183
43568.4075324074,3808108,3.7,2,221,0.002161111111111111,5200,5126,5330
43568.4075752315,3808145,19.0,1,221,0.0073888888888888884,25210,26254,25413
43568.4077951389,3808335,5.2,2,222,0.0027444444444444448,5148,4885,5086
43568.4078553241,3808387,22.5,1,222,0.0087499999999999991,31554,32844,32276
43568.4081157407,3808612,4.5,2,223,0.0024722222222222224,3833,3447,3702
43568.4081678241,3808657,2.0,2,224,0.0015,1929,1569,1757
43568.4081909722,3808677,0.3,1,224,0.00011666666666666667,463,501,351
43568.4081944444,3808680,22.6,0,224,0.0078472222222222224,32059,32263,31294
43568.4084560185,3808906,3.6,1,224,0.0014,968,814,1002
43568.4084976852,3808942,2.5,2,225,0.0016944444444444444,3018,2871,2855
43568.4085266204,3808967,21.7,1,225,0.0084388888888888881,27758,29319,28492
43568.4087777778,3809184,2.0,2,226,0.0015,2412,2402,2591
43568.4088009259,3809204,3.9,2,227,0.0022388888888888884,4465,4433,4781
43568.4088460648,3809243,0.4,1,227,0.00015555555555555554,624,621,607
43568.4088506944,3809247,21.2,0,227,0.0073611111111111108,31004,30492,32279
43568.4090960648,3809459,13.1,1,227,0.005094444444444444,3405,3551,4015
43568.4092476852,3809590,196.5,0,227,0.06822916666666666,240961,243893,250696
43568.4115219907,3811555,13.2,1,227,0.0051333333333333326,1041,964,1140
43568.4116747685,3811687,5.4,2,228,0.0028222222222222221,7018,7493,6964
43568.4117372685,3811741,3.4,2,229,0.0020444444444444447,4686,5037,4872
43568.4117766204,3811775,7.7,1,229,0.0029944444444444441,2357,2028,2428
43568.4118657407,3811852,4.6,2,230,0.0025111111111111107,5583,5463,5973
43568.4119189815,3811898,29.6,1,230,0.011511111111111111,36781,37340,36570
43568.4122615741,3812194,62.0,0,230,0.021527777777777778,73525,75253,74531
43568.4129791667,3812814,30.9,1,230,0.012016666666666667,17401,17712,17256
43568.4133368056,3813123,22.2,0,230,0.0077083333333333335,17089,18360,18353
43568.4135937500,3813345,10.1,1,230,0.0039277777777777774,734,736,925
43568.4137106482,3813446,4.6,2,231,0.0025111111111111107,5772,5848,6043
43568.4137638889,3813492,0.3,1,231,0.00011666666666666667,395,479,347
43568.4137673611,3813495,55.6,0,231,0.019305555555555555,70758,71877,72244
43568.4144108796,3814051,7.8,1,231,0.0030333333333333332,995,946,1046
43568.4145011574,3814129,2.4,2,232,0.0016555555555555555,1796,1856,1978
43568.4145289352,3814153,3.4,2,233,0.0020444444444444447,1768,1706,2102
43568.4145682870,3814187,14.0,1,233,0.0054444444444444436,7979,7880,8309
43568.4147303241,3814327,3.5,2,234,0.0020833333333333333,1997,1924,1899
43568.4147708333,3814362,3.3,2,235,0.0020055555555555556,2534,2408,2550
43568.4148090278,3814395,4.9,2,236,0.0026277777777777775,5246,5126,5325
43568.4148657407,3814444,5.9,1,236,0.0022944444444444444,8583,8184,7989
43568.4149340278,3814503,18.0,0,236,0.0062500000000000003,23750,24709,25012
43568.4151423611,3814683,13.3,1,236,0.0051722222222222222,12320,12600,12371
43568.4152962963,3814816,98.1,0,236,0.034062500000000002,118602,121888,121129
43568.4164317130,3815797,9.3,1,236,0.0036166666666666665,948,955,1165
43568.4165393518,3815890,2.5,2,237,0.0016944444444444444,2526,2317,2525
43568.4165682870,3815915,3.5,2,238,0.0020833333333333333,2346,2203,2178
43568.4166087963,3815950,6.8,1,238,0.0026444444444444445,9277,10311,9496
43568.4166875000,3816018,4.0,2,239,0.0022777777777777774,5592,5406,6040
43568.4167337963,3816058,2.4,2,240,0.0016555555555555555,3114,2650,2995
43568.4167615741,3816082,8.4,1,240,0.0032666666666666664,11653,11729,11783
43568.4168587963,3816166,3.6,2,241,0.0021222222222222224,2533,2350,2662
43568.4169004630,3816202,3.6,2,242,0.0021222222222222224,5120,5303,5291
43568.4169421296,3816238,11.0,1,242,0.004277777777777777,7415,7154,7244
43568.4170694444,3816348,3.5,2,243,0.0020833333333333333,4448,4349,4777
43568.4171099537,3816383,44.5,1,243,0.017305555555555553,37363,39040,38463
43568.4176250000,3816828,5.6,2,244,0.0028999999999999998,6905,6437,6695
43568.4176898148,3816884,13.0,1,244,0.0050555555555555553,8833,8893,8396
43568.4178402778,3817014,5.0,2,245,0.0026666666666666666,2336,2196,2393
43568.4178981481,3817064,18.1,1,245,0.0070388888888888888,12185,12552,12112
43568.4181076389,3817245,2.3,2,246,0.0016166666666666664,1915,1919,2166
43568.4181342593,3817268,1.3,1,246,0.00050555555555555553,1782,1563,1635
43568.4181493056,3817281,325.3,0,246,0.11295138888888889,386376,395891,402179
43568.4219143518,3820534,21.3,1,246,0.0082833333333333335,25710,27010,25848
43568.4221608796,3820747,2.0,2,247,0.0015,2508,2473,2756
43568.4221840278,3820767,3.4,2,248,0.0020444444444444447,2333,2255,2279
43568.4222233796,3820801,0.4,1,248,0.00015555555555555554,446,448,510
43568.4222280093,3820805,49.1,0,248,0.017048611111111112,59460,60287,61423
43568.4227962963,3821296,17.5,1,248,0.0068055555555555551,20276,21684,20585
43568.4229988426,3821471,98.8,0,248,0.034305555555555554,128982,132017,133153
43568.4241423611,3822459,5.7,1,248,0.0022166666666666667,844,832,962
43568.4242083333,3822516,5.1,2,249,0.0027055555555555552,7489,7233,7108
43568.4242673611,3822567,2.1,2,250,0.0015388888888888887,2123,2052,2210
43568.4242916667,3822588,3.6,2,251,0.0021222222222222224,4203,4844,5068
43568.4243333333,3822624,2.4,2,252,0.0016555555555555555,2906,3145,3322
43568.4243611111,3822648,1.8,2,253,0.0014222222222222221,2322,2357,2606
43568.4243819444,3822666,3.3,2,254,0.0020055555555555556,4053,3848,4185
43568.4244201389,3822699,5.1,2,255,0.0027055555555555552,6505,6487,6650
43568.4244791667,3822750,5.5,2,256,0.0028611111111111111,6253,6244,6203
43568.4245428241,3822805,0.3,1,256,0.00011666666666666667,430,578,384
43568.4245462963,3822808,120.6,0,256,0.041875000000000002,141187,146036,143482
43568.4259421296,3824014,8.9,1,256,0.003461111111111111,750,724,1016
43568.4260451389,3824103,3.3,2,257,0.0020055555555555556,2439,2120,2321
43568.4260833333,3824136,4.7,2,258,0.0025500000000000002,6537,6309,5966
43568.4261377315,3824183,4.1,2,259,0.0023166666666666665,5292,4882,5032
43568.4261851852,3824224,10.3,1,259,0.0040055555555555556,5618,5751,5677
43568.4263043981,3824327,10.8,0,259,0.0037499999999999999,14460,14486,14673
43568.4264293981,3824435,27.8,1,259,0.010811111111111112,17140,17641,16994
43568.4267511574,3824713,3.4,2,260,0.0020444444444444447,4217,4555,4595
43568.4267905093,3824747,9.1,1,260,0.0035388888888888883,9238,9608,9640
43568.4268958333,3824838,31.4,0,260,0.010902777777777779,36197,35488,36685
43568.4272592593,3825152,31.0,1,260,0.012055555555555555,28412,28687,28758
43568.4276180556,3825462,28.0,0,260,0.0097222222222222224,32667,32767,33578
43568.4279421296,3825742,14.4,1,260,0.0055999999999999999,18745,19281,18822
43568.4281087963,3825886,1.6,2,261,0.0013444444444444445,2218,2317,2507
43568.4281273148,3825902,3.5,2,262,0.0020833333333333333,4411,4462,4433
43568.4281678241,3825937,3.9,2,263,0.0022388888888888884,4315,4284,4202
43568.4282129630,3825976,0.3,1,263,0.00011666666666666667,452,476,343
43568.4282164352,3825979,132.0,0,263,0.04583333333333333,146709,151162,150781
43568.4297442130,3827299,13.0,1,263,0.0050555555555555553,10796,11585,11294
43568.4298946759,3827429,64.8,0,263,0.022499999999999999,83224,84530,85367
43568.4306446759,3828077,26.0,1,263,0.010111111111111111,11301,11030,11115
43568.4309456019,3828337,3.6,2,264,0.0021222222222222224,3958,4128,3884
43568.4309872685,3828373,31.3,1,264,0.012172222222222223,28834,29277,29507
43568.4313495370,3828686,4.3,2,265,0.0023944444444444438,5568,5844,6248
43568.4313993056,3828729,1.8,2,266,0.0014222222222222221,2530,2674,2904
43568.4314201389,3828747,4.2,2,267,0.0023555555555555556,2373,2441,2736
43568.4314687500,3828789,12.4,1,267,0.0048222222222222217,16166,15978,16386
43568.4316122685,3828913,4.3,2,268,0.0023944444444444438,5125,5510,5830
43568.4316620370,3828956,5.5,2,269,0.0028611111111111111,6508,6322,6404
43568.4317256944,3829011,6.7,1,269,0.0026055555555555554,9000,9529,9270
43568.4318032407,3829078,4.2,2,270,0.0023555555555555556,3129,2985,3219
43568.4318518518,3829120,5.0,2,271,0.0026666666666666666,1994,1955,2114
43568.4319097222,3829170,2.8,2,272,0.0018111111111111112,2681,2589,2835
43568.4319421296,3829198,16.9,1,272,0.0065722222222222215,7947,7836,8439
43568.4321377315,3829367,4.4,2,273,0.0024333333333333334,6033,6462,6448
43568.4321886574,3829411,26.6,1,273,0.010344444444444444,28754,30166,29028
43568.4324965278,3829677,49.3,0,273,0.017118055555555556,64182,64176,65125
43568.4330671296,3830170,13.5,1,273,0.0052499999999999995,1228,1078,1522
43568.4332233796,3830305,88.8,0,273,0.030833333333333334,106347,109182,108789
43568.4342511574,3831193,21.8,1,273,0.0084777777777777785,27891,28123,27578
43568.4345034722,3831411,3.2,2,274,0.0019666666666666665,2408,2119,2376
43568.4345405093,3831443,0.3,1,274,0.00011666666666666667,474,466,417
43568.4345439815,3831446,10.8,0,274,0.0037499999999999999,14671,14960,14717
43568.4346689815,3831554,5.3,1,274,0.0020611111111111108,1518,1364,1336
43568.4347303241,3831607,5.4,2,275,0.0028222222222222221,5477,5215,5237
43568.4347928241,3831661,5.1,1,275,0.001983333333333333,6854,6966,7005
43568.4348518519,3831712,114.9,0,275,0.039895833333333332,119296,122674,121636
43568.4361817130,3832861,7.1,1,275,0.0027611111111111109,990,776,1005
43568.4362638889,3832932,3.1,2,276,0.0019277777777777778,4128,4096,4285
43568.4362997685,3832963,3.1,2,277,0.0019277777777777778,2433,2326,2560
43568.4363356481,3832994,5.0,2,278,0.0026666666666666666,3881,3875,3903
43568.4363935185,3833044,9.1,1,278,0.0035388888888888883,10423,10631,11565
43568.4364988426,3833135,5.7,2,279,0.0029388888888888889,5892,6100,5749
43568.4365648148,3833192,13.7,1,279,0.0053277777777777768,6741,7012,7203
43568.4367233796,3833329,4.3,2,280,0.0023944444444444438,6090,5968,6255
43568.4367731481,3833372,33.4,1,280,0.012988888888888888,11154,12024,11803
43568.4371597222,3833706,5.4,2,281,0.0028222222222222221,7172,7672,7594
43568.4372222222,3833760,2.2,2,282,0.0015777777777777782,3118,3218,3273
43568.4372476852,3833782,3.6,2,283,0.0021222222222222224,4441,4454,4288
43568.4372893519,3833818,4.3,2,284,0.0023944444444444438,4513,5014,4943
43568.4373391204,3833861,24.5,1,284,0.0095277777777777774,4867,5036,5472
43568.4376226852,3834106,5.4,2,285,0.0028222222222222221,7618,7471,7341
43568.4376851852,3834160,16.6,1,285,0.0064555555555555564,16788,17142,17297
43568.4378773148,3834326,2.9,2,286,0.0018499999999999999,3391,3055,3368
43568.4379108796,3834355,15.2,1,286,0.00591111111111111,4163,4177,4596
43568.4380868056,3834507,5.7,2,287,0.0029388888888888889,1995,1881,1937
43568.4381527778,3834564,0.4,1,287,0.00015555555555555554,462,522,428
43568.4381574074,3834568,10.2,0,287,0.0035416666666666665,13468,13720,14008
43568.4382754630,3834670,4.4,1,287,0.0017111111111111112,975,802,983
43568.4383263889,3834714,4.4,2,288,0.0024333333333333334,2090,2099,2019
43568.4383773148,3834758,2.1,1,288,0.0008166666666666666,3122,2748,2631
43568.4384016204,3834779,66.3,0,288,0.023020833333333334,76007,77040,79094
43568.4391689815,3835442,23.2,1,288,0.0090222222222222214,5825,5361,5735
43568.4394375000,3835674,2.0,2,289,0.0015,1988,1967,2279
43568.4394606482,3835694,3.6,2,290,0.0021222222222222224,4753,5274,4974
43568.4395023148,3835730,3.3,2,291,0.0020055555555555556,3574,3473,3727
43568.4395405093,3835763,8.8,1,291,0.0034222222222222223,7275,7331,7505
43568.4396423611,3835851,4.2,2,292,0.0023555555555555556,5630,5610,5835
43568.4396909722,3835893,6.7,1,292,0.0026055555555555554,8689,9088,9495
43568.4397685185,3835960,4.4,2,293,0.0024333333333333334,3002,2848,2916
43568.4398194444,3836004,19.9,1,293,0.007738888888888888,22610,22765,23026
43568.4400497685,3836203,5.6,2,294,0.0028999999999999998,2117,1956,1853
43568.4401145833,3836259,36.6,1,294,0.014233333333333334,24089,24309,24165
43568.4405381944,3836625,2.0,2,295,0.0015,2245,2070,2416
43568.4405613426,3836645,4.7,2,296,0.0025500000000000002,2072,2070,2107
43568.4406157407,3836692,5.1,2,297,0.0027055555555555552,4414,4632,4427
43568.4406747685,3836743,39.8,1,297,0.015477777777777776,25810,26629,26824
43568.4411354167,3837141,5.3,2,298,0.0027833333333333334,4064,4140,4461
43568.4411967593,3837194,2.2,2,299,0.0015777777777777782,1892,1892,1910
43568.4412222222,3837216,5.9,2,300,0.0030166666666666666,5022,5190,5154
43568.4412905093,3837275,18.5,1,300,0.0071944444444444443,18442,18704,17690
43568.4415046296,3837460,13.2,0,300,0.0045833333333333334,18113,18496,18703
43568.4416574074,3837592,64.6,1,300,0.025122222222222216,20387,20481,21128
43568.4424050926,3838238,20.4,0,300,0.007083333333333333,22255,22591,23583
43568.4426412037,3838442,9.3,1,300,0.0036166666666666665,767,620,808
43568.4427488426,3838535,4.4,2,301,0.0024333333333333334,5507,5314,5785
43568.4427997685,3838579,50.7,1,301,0.019716666666666667,26701,27026,26748
43568.4433865741,3839086,14.3,0,301,0.0049652777777777777,19346,18946,19193
43568.4435520833,3839229,19.5,1,301,0.0075833333333333326,4748,4908,4801
43568.4437777778,3839424,96.9,0,301,0.033645833333333333,129357,130582,130007
43568.4448993056,3840393,29.4,1,301,0.011433333333333332,27565,27521,27368
43568.4452395833,3840687,224.9,0,301,0.078090277777777772,286020,287853,288535
43568.4478425926,3842936,11.2,1,301,0.0043555555555555552,16379,16203,16425
43568.4479722222,3843048,113.6,0,301,0.039444444444444442,157758,159471,159419
43568.4492870370,3844184,39.7,1,301,0.015438888888888889,53880,52748,52314
43568.4497465278,3844581,348.8,0,301,0.12111111111111111,477405,479078,476661
43568.4537835648,3848069,18.0,1,301,0.0070000000000000001,20117,20431,19693
43568.4539918981,3848249,44.7,0,301,0.015520833333333333,53707,54058,54238
43568.4545092593,3848696,34.3,1,301,0.013338888888888888,18868,19036,18272
43568.4549062500,3849039,3.9,2,302,0.0022388888888888884,4755,5074,4746
43568.4549513889,3849078,9.1,1,302,0.0035388888888888883,12654,12973,12672
43568.4550567130,3849169,1.8,2,303,0.0014222222222222221,2546,2837,2674
43568.4550775463,3849187,14.3,1,303,0.0055611111111111113,2232,1876,2339
43568.4552430556,3849330,5.6,2,304,0.0028999999999999998,7583,7788,7915
43568.4553078704,3849386,22.3,1,304,0.0086722222222222218,5562,5382,5917
43568.4555659722,3849609,270.2,0,304,0.093819444444444441,369758,374076,373245
43568.4586932870,3852311,51.5,1,304,0.020027777777777776,60713,59917,60166
43568.4592893518,3852826,5.3,2,305,0.0027833333333333334,7153,7136,6950
43568.4593506944,3852879,0.3,1,305,0.00011666666666666667,484,514,380
43568.4593541667,3852882,175.4,0,305,0.060902777777777778,240937,242325,243379
43568.4613842593,3854636,1.4,1,305,0.0005444444444444444,1998,2056,1757
43568.4614004630,3854650,5.3,2,306,0.0027833333333333334,6552,6704,7554
43568.4614618056,3854703,1.5,2,307,0.0013055555555555557,1928,1854,1956
43568.4614791667,3854718,2.5,2,308,0.0016944444444444444,3052,3437,3223
43568.4615081018,3854743,42.2,1,308,0.016411111111111109,44402,44983,44891
43568.4619965278,3855165,2.2,2,309,0.0015777777777777782,2754,3076,2632
43568.4620219907,3855187,15.4,1,309,0.0059888888888888882,14779,15070,15687
43568.4622002315,3855341,52.8,0,309,0.018333333333333333,70270,73048,72661
43568.4628113426,3855869,24.5,1,309,0.0095277777777777774,28633,29184,29264
43568.4630949074,3856114,2.2,2,310,0.0015777777777777782,3116,3208,3098
43568.4631203704,3856136,47.7,1,310,0.018550000000000001,53846,54245,54647
43568.4636724537,3856613,3.6,2,311,0.0021222222222222224,2705,2549,2593
43568.4637141204,3856649,4.8,1,311,0.0018666666666666666,2952,3016,2982
43568.4637696759,3856697,10.9,0,311,0.0037847222222222223,15802,16608,16827
43568.4638958333,3856806,26.1,1,311,0.010149999999999999,34802,34973,34730
43568.4641979167,3857067,4.5,2,312,0.0024722222222222224,2319,2473,2551
43568.4642500000,3857112,0.3,1,312,0.00011666666666666667,458,470,313
43568.4642534722,3857115,16.6,0,312,0.0057638888888888887,22263,22776,23379
43568.4644456019,3857281,20.9,1,312,0.0081277777777777754,10807,11066,11260
43568.4646875000,3857490,4.8,2,313,0.0025888888888888884,5960,6388,6726
43568.4647430556,3857538,26.4,1,313,0.010266666666666665,32111,32570,31846
43568.4650486111,3857802,5.7,2,314,0.0029388888888888889,8199,8264,8048
43568.4651145833,3857859,5.7,1,314,0.0022166666666666667,7734,7758,7728
43568.4651805556,3857916,19.8,0,314,0.006875,22445,23201,23882
43568.4654097222,3858114,9.3,1,314,0.0036166666666666665,948,860,872
43568.4655173611,3858207,2.0,2,315,0.0015,2440,2260,2633
43568.4655405093,3858227,2.5,2,316,0.0016944444444444444,2512,2606,2857
43568.4655694444,3858252,4.8,2,317,0.0025888888888888884,2050,2049,2158
43568.4656250000,3858300,7.7,1,317,0.0029944444444444441,10875,11268,10663
43568.4657141204,3858377,67.2,0,317,0.023333333333333334,84202,84727,84481
43568.4664918982,3859049,14.8,1,317,0.0057555555555555554,7979,9012,8782
43568.4666631944,3859197,4.3,2,318,0.0023944444444444438,5250,5643,5428
43568.4667129630,3859240,2.0,1,318,0.00077777777777777773,2455,2586,2580
43568.4667361111,3859260,60.6,0,318,0.021041666666666667,63672,65460,67287
43568.4674375000,3859866,13.2,1,318,0.0051333333333333326,728,1018,1048
43568.4675902778,3859998,4.2,2,319,0.0023555555555555556,3126,3065,3087
43568.4676388889,3860040,2.2,2,320,0.0015777777777777782,2528,2414,2533
43568.4676643519,3860062,7.7,1,320,0.0029944444444444441,8398,8836,8933
43568.4677534722,3860139,2.4,2,321,0.0016555555555555555,1955,1913,2102
43568.4677812500,3860163,2.0,2,322,0.0015,2050,1960,2246
43568.4678043981,3860183,6.9,1,322,0.0026833333333333336,9783,9754,9875
43568.4678842593,3860252,2.7,2,323,0.0017722222222222223,2931,2634,2782
43568.4679155093,3860279,2.9,2,324,0.0018499999999999999,2776,2666,2564
43568.4679490741,3860308,3.7,2,325,0.002161111111111111,3267,2871,3201
43568.4679918981,3860345,0.3,1,325,0.00011666666666666667,452,489,366
43568.4679953704,3860348,450.3,0,325,0.15635416666666666,619388,620086,628387
43568.4732071759,3864851,39.3,1,325,0.015283333333333333,54448,54213,55820
43568.4736620370,3865244,4.9,2,326,0.0026277777777777775,6449,6105,6266
43568.4737187500,3865293,0.3,1,326,0.00011666666666666667,528,501,340
43568.4737222222,3865296,38.6,0,326,0.013402777777777777,53524,54719,55299
43568.4741689815,3865682,84.3,1,326,0.032783333333333331,115788,116444,117825
43568.4751446759,3866525,14.6,0,326,0.0050694444444444441,16778,17284,17332
43568.4753136574,3866671,15.6,1,326,0.0060666666666666664,2820,2594,3134
43568.4754942130,3866827,3.2,2,327,0.0019666666666666665,2080,2049,2250
43568.4755312500,3866859,0.3,1,327,0.00011666666666666667,374,497,386
43568.4755347222,3866862,3613.8,0,327,1.2547916666666667,3821437,3844929,3848141
43568.5173611111,3903000,35.6,1,327,0.013844444444444444,11894,13546,12545
43568.5177731481,3903356,5.8,2,328,0.0029777777777777775,7406,7144,7519
43568.5178402778,3903414,50.5,1,328,0.019638888888888886,16639,17232,16950
43568.5184247685,3903919,5.0,2,329,0.0026666666666666666,1030,1021,1084
43568.5184826389,3903969,1.8,2,330,0.0014222222222222221,2368,2204,2090
43568.5185034722,3903987,17.0,1,330,0.0066111111111111101,7572,7660,7412
43568.5187002315,3904157,3.6,2,331,0.0021222222222222224,4331,4577,4916
43568.5187418982,3904193,11.0,1,331,0.004277777777777777,14300,14362,14473
43568.5188692130,3904303,1.6,2,332,0.0013444444444444445,2080,2058,2205
43568.5188877315,3904319,5.1,2,333,0.0027055555555555552,2402,2326,2695
43568.5189467593,3904370,3.5,2,334,0.0020833333333333333,4389,4647,4170
43568.5189872685,3904405,4.3,2,335,0.0023944444444444438,2436,2393,2451
43568.5190370370,3904448,4.3,2,336,0.0023944444444444438,5611,5930,6440
43568.5190868056,3904491,36.0,1,336,0.014,13904,14436,14422
43568.5195034722,3904851,4.0,2,337,0.0022777777777777774,5583,5954,5503
43568.5195497685,3904891,1.5,2,338,0.0013055555555555557,2085,2280,2406
43568.5195671296,3904906,4.2,2,339,0.0023555555555555556,5616,5488,6170
43568.5196157407,3904948,3.8,2,340,0.0021999999999999997,1926,1934,2062
43568.5196597222,3904986,2.9,1,340,0.0011277777777777777,3602,3823,3778
43568.5196932870,3905015,108.7,0,340,0.037743055555555557,131006,137100,139905
43568.5209513889,3906102,97.9,1,340,0.038072222222222223,31887,34326,33090
43568.5220844907,3907081,4.0,2,341,0.0022777777777777774,3289,3441,3501
43568.5221307870,3907121,5.6,2,342,0.0028999999999999998,7616,7618,7536
43568.5221956019,3907177,27.3,1,342,0.010616666666666667,6914,7321,7138
43568.5225115741,3907450,5.9,2,343,0.0030166666666666666,8296,8746,9229
43568.5225798611,3907509,14.5,1,343,0.0056388888888888877,2590,2662,3024
43568.5227476852,3907654,5.7,2,344,0.0029388888888888889,7580,6993,7783
43568.5228136574,3907711,25.3,1,344,0.0098388888888888901,17714,18609,17391
43568.5231064815,3907964,2.7,2,345,0.0017722222222222223,3454,3563,3566
43568.5231377315,3907991,0.3,1,345,0.00011666666666666667,474,497,363
43568.5231412037,3907994,24.9,0,345,0.0086458333333333335,34384,35513,36015
43568.5234293981,3908243,15.4,1,345,0.0059888888888888882,19522,20817,19773
43568.5236076389,3908397,4.2,2,346,0.0023555555555555556,6054,6014,6197
43568.5236562500,3908439,1.6,2,347,0.0013444444444444445,2472,2264,2790
43568.5236747685,3908455,3.3,2,348,0.0020055555555555556,3225,3174,3500
43568.5237129630,3908488,3.9,2,349,0.0022388888888888884,4703,4580,4593
43568.5237581019,3908527,3.8,2,350,0.0021999999999999997,5404,4932,5232
43568.5238020833,3908565,5.2,2,351,0.0027444444444444448,6484,6731,6375
43568.5238622685,3908617,4.5,2,352,0.0024722222222222224,2237,2309,2208
43568.5239143518,3908662,31.9,1,352,0.012405555555555555,21853,22556,23129
43568.5242835648,3908981,2.8,2,353,0.0018111111111111112,3203,3340,3421
43568.5243159722,3909009,2.8,2,354,0.0018111111111111112,1897,2266,2340
43568.5243483796,3909037,14.7,1,354,0.0057166666666666659,3172,3214,3395
43568.5245185185,3909184,4.1,2,355,0.0023166666666666665,5898,6176,6085
43568.5245659722,3909225,1.8,2,356,0.0014222222222222221,2478,2583,2856
43568.5245868056,3909243,3.2,2,357,0.0019666666666666665,4308,4892,4493
43568.5246238426,3909275,2.2,2,358,0.0015777777777777782,3070,3200,3352
43568.5246493056,3909297,96.0,1,358,0.037333333333333329,28876,29889,29599
43568.5257604167,3910257,5.6,2,359,0.0028999999999999998,6485,6784,6183
43568.5258252315,3910313,18.0,1,359,0.0070000000000000001,8354,8533,7953
43568.5260335648,3910493,10.2,0,359,0.0035416666666666665,14757,15910,15142
43568.5261516204,3910595,8.5,1,359,0.0033055555555555551,928,943,772
43568.5262500000,3910680,5.3,2,360,0.0027833333333333334,5004,4647,4529
43568.5263113426,3910733,42.2,1,360,0.016411111111111109,19584,20548,20016
43568.5267997685,3911155,3.9,2,361,0.0022388888888888884,945,754,809
43568.5268449074,3911194,27.1,1,361,0.010538888888888888,2979,3149,3001
43568.5271585648,3911465,2.8,2,362,0.0018111111111111112,2878,2703,2887
43568.5271909722,3911493,28.7,1,362,0.011161111111111111,5146,5311,5858
43568.5275231482,3911780,2.7,2,363,0.0017722222222222223,2557,2589,2734
43568.5275543981,3911807,3.9,2,364,0.0022388888888888884,5303,6002,6002
43568.5275995370,3911846,29.0,1,364,0.011277777777777775,6036,6560,6057
43568.5279351852,3912136,4.3,2,365,0.0023944444444444438,3119,3285,3200
43568.5279849537,3912179,4.6,2,366,0.0025111111111111107,5431,5570,5738
43568.5280381944,3912225,52.2,1,366,0.020299999999999999,24231,24546,24348
43568.5286423611,3912747,3.5,2,367,0.0020833333333333333,1989,2051,2071
43568.5286828704,3912782,16.2,1,367,0.0062999999999999992,4591,4697,5166
43568.5288703704,3912944,38.0,0,367,0.013194444444444444,39890,40627,40433
43568.5293101852,3913324,11.5,1,367,0.0044722222222222221,841,768,1056
43568.5294432870,3913439,5.8,2,368,0.0029777777777777775,8167,8149,8327
43568.5295104167,3913497,53.0,1,368,0.020611111111111108,28242,30212,29076
43568.5301238426,3914027,2.0,2,369,0.0015,2341,2230,2576
43568.5301469907,3914047,15.9,1,369,0.0061833333333333323,9998,10611,9766
43568.5303310185,3914206,1201.6,0,369,0.41722222222222222,1369312,1384270,1388716
43568.5442384259,3926222,13.1,1,369,0.005094444444444444,532,557,742
43568.5443900463,3926353,22873.6,0,369,7.9422222222222221,19139022,19401415,19398260
43568.8091307870,4155089,26.0,1,369,0.010111111111111111,1552,1916,1294
43568.8094317130,4155349,921.5,0,369,0.31996527777777778,194141,206230,198424
43568.8200972222,4164564,25.8,1,369,0.010033333333333333,1070,1526,1166
43568.8203958333,4164822,5.0,2,370,0.0026666666666666666,898,719,550
43568.8204537037,4164872,2.5,1,370,0.00097222222222222219,2115,2074,1879
43568.8204826389,4164897,766.5,0,370,0.26614583333333336,79964,88654,81089
43568.8293541667,4172562,205.9,1,370,0.080072222222222225,13060,15176,11435
43568.8317372685,4174621,3.5,2,371,0.0020833333333333333,3288,3249,3137
43568.8317777778,4174656,5.8,2,372,0.0029777777777777775,3546,3909,3986
43568.8318449074,4174714,226.4,1,372,0.088044444444444439,19068,21759,17570
43568.8344652778,4176978,62482.8,0,372,21.695416666666667,61051071,61766721,61907132
43569.5576458333,4801806,583.1,1,372,0.22676111111111111,36041,43175,31626
43569.5643946759,4807637,2.0,2,373,0.0015,1901,1926,2052
43569.5644178241,4807657,523.6,1,373,0.2036222222222222,41054,48715,37386
43569.5704780093,4812893,44828.7,0,373,15.565520833333334,39829279,40347109,40433312
43570.0893287037,5261180,3226.8,1,373,1.2548666666666666,200695,245741,177514
43570.1266759259,5293448,3.2,2,374,0.0019666666666666665,785,632,669
43570.1267129630,5293480,746.5,1,374,0.29030555555555554,68946,78866,64866
43570.1353530093,5300945,2.0,2,375,0.0015,1949,1787,1929
43570.1353761574,5300965,2.4,2,376,0.0016555555555555555,2234,2469,2235
43570.1354039352,5300989,30.5,1,376,0.01186111111111111,6174,6592,6203
43570.1357569444,5301294,15.8,0,376,0.0054861111111111109,15629,15235,14942
43570.1359398148,5301452,1644.3,1,376,0.63944999999999996,116933,141468,108218
43570.1549710648,5317895,11.1,0,376,0.0038541666666666668,12520,12394,12834
43570.1550995370,5318006,1383.2,1,376,0.53791111111111112,106027,122623,98819
43570.1711087963,5331838,2.8,2,377,0.0018111111111111112,644,546,567
43570.1711412037,5331866,38798.9,1,377,15.08846111111111,2575994,3107016,2332008
43570.6202025463,5719855,11.3,0,377,0.0039236111111111112,12610,13084,12422
43570.6203333333,5719968,9604.7,1,377,3.7351611111111112,631674,758211,568976
43570.7314988426,5816015,1.7,2,378,0.0013833333333333334,1941,2161,1932
43570.7315185185,5816032,712.8,1,378,0.27719999999999995,66444,75982,62661
43570.7397685185,5823160,14.6,0,378,0.0050694444444444441,17159,17568,17711
43570.7399375000,5823306,12.2,1,378,0.0047444444444444444,277,337,233
43570.7400787037,5823428,4.2,2,379,0.0023555555555555556,2564,2662,2508
43570.7401273148,5823470,177.9,1,379,0.069183333333333333,21276,22914,20611
43570.7421863426,5825249,2.3,2,380,0.0016166666666666664,831,664,645
43570.7422129630,5825272,40.2,1,380,0.015633333333333332,3325,3827,3518
43570.7426782407,5825674,4.4,2,381,0.0024333333333333334,839,677,726
43570.7427291667,5825718,108912.2,1,381,42.354744444444442,6917025,7836522,6097402
43572.0032870370,6914840,3.9,2,382,0.0022388888888888884,853,760,611
43572.0033321759,6914879,5339.3,1,382,2.0763944444444444,368353,423524,328890
43572.0651296296,6968272,12.5,0,382,0.004340277777777778,11900,11567,12298
43572.0652743056,6968397,337.9,1,382,0.13140555555555555,20220,23380,18044
43572.0691851852,6971776,25.8,0,382,0.0089583333333333338,19729,19854,20454
43572.0694837963,6972034,14.1,1,382,0.0054833333333333331,1331,1491,1316
43572.0696469907,6972175,818.8,0,382,0.28430555555555553,892977,897473,896946
43572.0791238426,6980363,305.6,1,382,0.11884444444444445,26057,30282,25307
43572.0826608796,6983419,2.5,2,383,0.0016944444444444444,977,774,746
43572.0826898148,6983444,345.4,1,383,0.1343222222222222,40807,45840,39244
43572.0866875000,6986898,1.9,2,384,0.0014611111111111112,741,561,562
43572.0867094907,6986917,52.8,1,384,0.020533333333333331,5514,5528,5247
43572.0873206019,6987445,4314.9,0,384,1.4982291666666667,2206187,2252623,2223322
43572.1372615741,7030594,12.7,1,384,0.0049388888888888885,122,82,125
43572.1374085648,7030721,1.7,2,385,0.0013833333333333334,378,360,418
43572.1374282407,7030738,242.4,1,385,0.094266666666666665,21189,23607,20188
43572.1402337963,7033162,120.5,0,385,0.041840277777777775,79282,81384,80460
